iter,emax
1,5.710850067159219e12
2,4.593911139656582e9
3,4.445884308883586e9
4,7.437758948461937e8
5,4.2139892092335904e8
6,8.31856283975629e7
7,2.2995706672536563e7
8,2.0287012972840313e7
9,1.1381975474891644e7
10,8.461586892462343e6
11,7.137106245031981e6
12,6.686204944905936e6
13,6.25359279794033e6
14,3.25512984240844e6
15,2.6916250736085917e6
16,1.7556006819619336e6
17,1.7202224602304597e6
18,1.226462466313668e6
19,1.1640888331107534e6
20,708255.9292081894
21,632143.2074350812
22,615606.1870143382
23,597613.8927750497
24,597151.1041386655
25,463383.357530231
26,433666.666365448
27,398303.61659811216
28,276950.64002698404
29,273561.5021878809
30,251981.37656294034
31,239878.35239501693
32,208062.39626462577
33,204591.12788684064
34,167573.01786962713
35,158183.00110439782
36,157999.24378829362
37,141053.12876279376
38,103385.55136307432
39,94349.52524338162
40,93175.50836338128
41,80941.27982159167
42,54623.27847868063
43,51829.15027958856
44,51109.730609019316
45,43812.33971061424
46,42705.04143888246
47,38264.106988063235
48,34482.487883406066
49,34088.50405034223
50,32595.046459763023
51,30167.367163578674
52,29458.79456013487
53,23353.77589783467
54,22961.92856998295
55,22780.172763335704
56,21952.819722910677
57,18296.13785693408
58,17526.20334685773
59,16331.20300606139
60,15602.941225224753
61,15164.885774893664
62,13407.23714778919
63,13194.419359912921
64,12016.697676475662
65,11838.505743154765
66,11583.532040679702
67,11397.052433326086
68,11176.4677071523
69,10725.664630571111
70,9834.572349126709
71,9603.65326698591
72,9004.965260935416
73,8153.153949455149
74,7780.419009962035
75,7758.2401185756535
76,7386.211893363181
77,7286.892520210857
78,6991.156965416294
79,6971.207466570233
80,6835.518674647007
81,6547.152235801887
82,6043.935408766894
83,5957.349547652159
84,5951.333162314325
85,5883.421973971193
86,5854.407091248267
87,5811.281421712782
88,5788.064770200943
89,5762.826895397837
90,5717.736439227285
91,5196.48892428546
92,5181.187826324312
93,5109.185361186387
94,4922.76117598963
95,4837.339430180068
96,4820.334107022613
97,4734.639530130295
98,4706.351043292506
99,4549.165717991955
100,4481.501807305508
101,4438.736674021962
102,4424.45439065197
103,4185.864210656181
104,4167.237569536432
105,3900.1935817914377
106,3745.2389793813995
107,3571.560607452155
108,3532.186558318183
109,3501.867702495554
110,3439.416089628165
111,3426.2526962292286
112,3400.106779791817
113,3349.89447727196
114,3338.4057817541834
115,3202.0151851088435
116,3184.8431834985663
117,3059.4392093708016
118,3051.2002129945586
119,2994.446911571156
120,2958.312539713336
121,2899.003527850275
122,2787.1639452088766
123,2782.6460929204354
124,2584.5469891525695
125,2083.3036683312357
126,2007.2140521979936
127,1987.9843732894801
128,1944.2766335876931
129,1844.865615420895
130,1724.0516181455725
131,1722.349619595128
132,1721.0782525815964
133,1720.570892702811
134,1674.17357532582
135,1599.3384177593707
136,1524.0506424575792
137,1482.5314756117202
138,1460.0737148160517
139,1427.7236363405386
140,1404.268653332628
141,1374.2430754880088
142,1370.8629629853367
143,1356.664969137358
144,1330.9470891912736
145,1294.9124687382619
146,1289.3760467623867
147,1258.274840149
148,1200.7008186133676
149,1197.788449109088
150,1192.1373070318118
151,1148.5365508290492
152,1131.3564164291226
153,1117.791241263326
154,1088.1593910829795
155,1085.3771470744603
156,1078.7630497689745
157,1068.083145748108
158,1045.1715746630875
159,1029.3322347431465
160,999.7232305308339
161,995.7991298537372
162,970.0060882104588
163,953.4306406513529
164,947.9868145000244
165,935.2802326937481
166,915.5409164680884
167,908.1743024550038
168,903.8849920263174
169,902.2750356945085
170,901.367531172564
171,898.9100762016103
172,892.1953841163219
173,877.6240964700478
174,874.4718045938782
175,872.6179772385191
176,849.7153801793565
177,841.6931778266628
178,819.969707463508
179,813.3959687328236
180,798.3189654133461
181,792.5429846129543
182,776.7692138423769
183,774.3423777068645
184,738.3297406994926
185,735.1244235408979
186,725.5419965527026
187,721.2706320814984
188,718.5737970409348
189,707.6100793412664
190,702.2403759515362
191,691.0340590658122
192,683.2537954632869
193,677.6275256233416
194,671.6079978005806
195,670.1282084989309
196,635.2507062616695
197,629.3959858938376
198,625.8808885545947
199,621.6615023401107
200,614.3080706519187
201,609.5630959584098
202,586.4247328786234
203,583.4841272508055
204,580.9419630761737
205,571.946834626812
206,567.0956797385921
207,557.9359467993531
208,557.4749014509766
209,554.9486570780097
210,543.9957523244981
211,534.0621838775372
212,529.2907719315124
213,523.5363267543146
214,517.5250664561918
215,514.0651752497627
216,509.4313462338059
217,508.2213849035718
218,507.5492185901286
219,507.5387297792404
220,498.2252271648208
221,491.838599421077
222,481.7553841927785
223,479.5049551168055
224,473.10608071579315
225,471.4962649190966
226,463.92893587451545
227,459.9572918038673
228,456.2618891444213
229,454.6451261073499
230,440.42420182607816
231,439.0751923885299
232,434.9753364813174
233,432.1648894506658
234,431.11089830569944
235,421.8183475119914
236,418.00717382718824
237,414.4181699094243
238,412.7484199722884
239,397.3375018515112
240,390.016483363117
241,386.16492628519444
242,385.0035805258437
243,382.82979771886255
244,378.9560375862548
245,369.9619276982923
246,368.93216190553403
247,365.96214848792147
248,365.30725449240566
249,362.01121178019946
250,356.4896762840405
251,338.10699771531756
252,335.34072773443705
253,334.2496693910288
254,334.0161214085483
255,329.7798312977369
256,326.4239985703452
257,324.85503386671985
258,322.1928001695765
259,318.6132283930954
260,317.56079059273134
261,315.2831418625371
262,309.58510196897066
263,303.44420266438925
264,297.7734867588243
265,295.83876361519987
266,294.1167927274478
267,287.95040700863035
268,286.76029346506454
269,285.6465879577725
270,284.062051208327
271,279.6980832403163
272,278.0946844322727
273,277.5744864626885
274,272.28767206842
275,270.89899482553045
276,269.1728073483321
277,266.81229721962404
278,258.8588774103885
279,256.15548732816166
280,254.021947925781
281,249.83818870116116
282,249.30011477339835
283,246.57190700314797
284,245.70580392059375
285,241.87360260343527
286,236.28364482238308
287,235.98057343964135
288,235.24809855522793
289,232.07010784751142
290,230.523465289671
291,224.19434941439457
292,223.1132810627491
293,221.600768279983
294,221.3262437142902
295,209.8132835516183
296,209.39852070793037
297,208.74161261402512
298,208.43510315410563
299,208.10785290609883
300,203.6640412467937
301,199.9709214512417
302,199.0191788409674
303,198.53595005789626
304,198.2251616843105
305,195.3351528640731
306,192.34046744980012
307,190.96215608214715
308,189.3426266163218
309,188.2188287137498
310,187.57186841158924
311,182.81094656089917
312,178.49667361767797
313,177.66560221545487
314,176.25461749697834
315,174.74363174418437
316,174.64353943188578
317,173.61997412852955
318,171.4291867621123
319,170.8437188280478
320,170.65230875460068
321,164.02040042102035
322,162.5292905824462
323,152.03145189411325
324,151.60021691734312
325,148.23420023385577
326,146.66829734396342
327,145.63284255082183
328,143.91206814245706
329,142.0971813251156
330,140.83115239471306
331,136.98315534466693
332,134.0296138441413
333,124.14069189633733
334,119.97466666584413
335,119.71368867549376
336,119.18272295888775
337,116.82705118459037
338,115.25378120497558
339,111.4774425837627
340,108.8749586603698
341,108.87392403475226
342,108.13032978208179
343,107.03386679737656
344,106.89014788039339
345,106.49224867667633
346,104.83357299914951
347,103.80735599798771
348,102.12850778696767
349,99.91156435406887
350,99.2546723172612
351,99.17518053854315
352,96.7722953893757
353,96.38291955600528
354,96.31208472343675
355,95.382167155389
356,94.2903508566933
357,93.25329642334455
358,89.31270224646707
359,89.04172981154315
360,87.7370142956847
361,86.2332156657308
362,83.7774675323509
363,81.58620693635245
364,79.89534782744542
365,78.2322392812851
366,77.82584177995707
367,77.23351616972289
368,76.78328582132414
369,76.34730688127038
370,76.26123026399364
371,74.0978513938554
372,73.69223521628058
373,73.50515266923398
374,72.16597620711096
375,70.49170027535473
376,68.92600949290167
377,68.10273942841215
378,67.88618909728524
379,67.72054603284059
380,66.75799560173468
381,66.67982753661909
382,66.29543958185573
383,66.01027228171208
384,64.55295815334293
385,62.69996606793095
386,61.47517171897774
387,61.18191152852106
388,57.68861343477459
389,57.62322386813657
390,54.683127583610094
391,53.83179871045004
392,51.93448297889346
393,51.544684591892825
394,51.39680340362802
395,49.64805175431429
396,48.542567285471
397,47.1271872335873
398,47.01258541743052
399,45.48186679015502
400,45.17676465517676
401,44.735398700577015
402,43.201539199775716
403,41.90970071438651
404,40.24746249403989
405,38.56974240844162
406,36.79652659354786
407,33.4691692148268
408,33.1693225444105
409,32.43102003695595
410,29.640129148979135
411,29.227960838659165
412,25.816571479221246
413,25.315048237101585
414,23.65476760380222
415,21.454856584691306
416,19.52522388448576
417,18.597036831196085
418,18.32174613694024
419,15.311524694186254
420,14.23518538189304
421,14.232670416714747
422,13.655454634347542
423,13.389979418263472
424,13.365622307243108
425,12.8826536824997
426,12.55646705446302
427,12.31353664330117
428,12.182373391488234
429,11.705235792144684
430,11.077037069439491
431,10.872854468411823
432,9.032633746175897
433,8.271539432452315
434,7.111522152127556
435,6.197636045867242
436,5.828072737723936
437,5.388936917380818
438,3.8308018621481352
439,1.8288354462350824
440,1.4467786811682686
441,1.1286169565837838
442,0.3451454934265499
443,0.22540152338932984
444,-0.9442721861601413
445,-2.101725465372411
446,-2.2450843632248905
447,-2.9666017723657987
448,-3.0034513326924284
449,-4.106598691520141
450,-4.508989568034757
451,-4.80227874563051
452,-4.9387950119242845
453,-5.329584098049047
454,-5.775429892022387
455,-6.568624494892752
456,-6.6485713731474405
457,-6.8331088914468125
458,-7.602685640991751
459,-7.776241793158654
460,-7.988705352025235
461,-8.06877964373313
462,-8.364940947875915
463,-8.422485541352302
464,-8.771566355535931
465,-9.978890994435389
466,-11.810243566278757
467,-12.391761266073452
468,-12.806748845928468
469,-12.899149980413256
470,-13.100815886778534
471,-15.14211710522003
472,-16.805600907255226
473,-17.77191411748975
474,-18.386884695591895
475,-18.930852426935793
476,-19.30717033594074
477,-19.768165533409153
478,-20.343645402975163
479,-20.77618632916397
480,-21.04847790966447
481,-21.974172245585038
482,-22.33838574394383
483,-22.36618149202303
484,-22.693281495414272
485,-23.178088995275026
486,-23.25818508555506
487,-23.38556059223069
488,-24.992908633378793
489,-25.00059706464764
490,-25.20917412264955
491,-25.650771467807342
492,-26.60332239922791
493,-27.027776925516743
494,-27.038592255951894
495,-27.081221532840914
496,-27.538912799511955
497,-27.682742042963493
498,-27.707731875243002
499,-28.206077957337577
500,-28.851811222409825
501,-29.10093666207556
502,-29.904303576183608
503,-29.966299543024398
504,-30.257721425294584
505,-30.650299022986268
506,-30.694875861123776
507,-31.16997231026812
508,-31.171059527802036
509,-31.17962230161553
510,-31.413529966057474
511,-31.445980767523416
512,-31.49584086764277
513,-32.730883296353625
514,-32.81254446496297
515,-33.17542190018132
516,-33.43659027428132
517,-33.76527486892597
518,-33.855032775777616
519,-33.89826369165457
520,-34.1606329191078
521,-34.2772934212625
522,-34.50031092114342
523,-35.15250980897743
524,-35.1870636259375
525,-35.34295334726174
526,-35.81150059352464
527,-35.97410645249467
528,-36.201119761969245
529,-36.27545761052545
530,-36.528321977447234
531,-36.55672039178134
532,-36.62299881015297
533,-36.85713380202489
534,-36.90468718813673
535,-37.10959684667256
536,-37.14429189975591
537,-37.1626707840855
538,-37.33506626878678
539,-37.52399025861367
540,-37.584037238982326
541,-38.00735697616689
542,-38.26246464350788
543,-38.31828584244881
544,-38.46223035993546
545,-38.58220752686161
546,-38.68930903157819
547,-38.90372858997437
548,-39.65205252007145
549,-39.72653500593479
550,-39.737793860717176
551,-39.74221197410008
552,-39.78817827867864
553,-40.209731892471304
554,-40.58426447136511
555,-40.643837851073314
556,-40.68707297989241
557,-40.736102817789444
558,-40.896733262927214
559,-40.90248624902415
560,-41.2737140883588
561,-41.45965581820962
562,-41.46493686805648
563,-41.48880964768584
564,-41.90049702791657
565,-41.90769919302986
566,-42.23978739226485
567,-42.341897939609765
568,-42.49161234723091
569,-42.72426738406607
570,-43.568362345591815
571,-43.66093200209751
572,-43.88300267884785
573,-43.905262028224826
574,-44.14309964561192
575,-44.28632720580294
576,-44.40155395260939
577,-44.47554804870035
578,-44.625988842176795
579,-44.64934890653088
580,-44.728440835441944
581,-44.880337704713355
582,-45.10604855132767
583,-45.14359213427092
584,-45.37881524875208
585,-45.397879869131984
586,-45.46451931117302
587,-45.54352774429489
588,-45.55754603609508
589,-45.56301522290862
590,-45.777495361087816
591,-46.06473686980554
592,-46.1212844694559
593,-46.15645030001914
594,-46.20720790643537
595,-46.236227583836765
596,-46.39742626148795
597,-46.51564843293857
598,-46.557387273213145
599,-46.56806207657998
600,-46.579608443122304
601,-46.73079122593555
602,-46.754213541927896
603,-46.77515447696382
604,-46.77721601246243
605,-46.92487313120301
606,-47.49185153579176
607,-47.552685449958354
608,-47.607810200520284
609,-47.80009959123414
610,-47.896418247847286
611,-47.94608516473047
612,-47.94798230545416
613,-47.953492136326275
614,-47.95898500557679
615,-47.962708830302255
616,-47.99635490527788
617,-48.05548515497453
618,-48.22431803052503
619,-48.311742652318635
620,-48.39688334383346
621,-48.807214671882704
622,-48.83603516461304
623,-48.86856207224891
624,-48.96980193271953
625,-49.12444715036682
626,-49.143874854494
627,-49.156694015011304
628,-49.21005188767736
629,-49.24422575832423
630,-49.284141953041825
631,-49.320937431327906
632,-49.52204879261793
633,-49.584410342325384
634,-49.64131222370445
635,-49.71271866967005
636,-49.83942962081501
637,-49.846346214828564
638,-49.93017496966341
639,-49.94162970245656
640,-50.099640800626446
641,-50.15463333348211
642,-50.15466541295689
643,-50.16963515881746
644,-50.29715836469319
645,-50.31603722108147
646,-50.37870101024296
647,-50.39327246501737
648,-50.3984305763993
649,-50.43540849186104
650,-50.446001831357876
651,-50.47303259171502
652,-50.4862726038748
653,-50.514108070619045
654,-50.52019082470433
655,-50.53600581615587
656,-50.66283415572384
657,-50.665151723903044
658,-50.69208661205594
659,-50.72189064055362
660,-50.77471806958747
661,-50.80027443430594
662,-50.81321745111922
663,-50.87501624324662
664,-50.87961395320347
665,-50.92042127647347
666,-50.98856043758599
667,-51.03629313510179
668,-51.08113049645224
669,-51.08754051630535
670,-51.16891494570732
671,-51.183702931249904
672,-51.37427300076531
673,-51.47241602379539
674,-51.4839399955368
675,-51.503503484246735
676,-51.53685333799983
677,-51.63043376716729
678,-51.700443405716534
679,-51.71862519149284
680,-51.74069579234998
681,-51.75165466975796
682,-51.76413661027718
683,-51.784408788455416
684,-51.79789967376949
685,-51.87693408058335
686,-51.922074657999254
687,-51.92488235901225
688,-51.9723732330706
689,-51.99503156621377
690,-52.03191066361876
691,-52.11677163153485
692,-52.12218051472906
693,-52.14253836733013
694,-52.163153608365505
695,-52.16897634307814
696,-52.17789981752934
697,-52.24445767352319
698,-52.275639898765874
699,-52.32447583473194
700,-52.32546778046589
701,-52.34211209352834
702,-52.35218675520154
703,-52.368631132807955
704,-52.40978236047788
705,-52.41204535639492
706,-52.47724704687326
707,-52.51439835295171
708,-52.55065600388299
709,-52.56113297393344
710,-52.62868227721213
711,-52.688112779332535
712,-52.694114123598844
713,-52.730885420770875
714,-52.746292042130655
715,-52.80012601651685
716,-52.85809647741194
717,-52.88153479249468
718,-52.8886644474315
719,-52.948754442732174
720,-52.960664792796884
721,-52.99354977394482
722,-53.01667624545924
723,-53.0466189714481
724,-53.06201837890562
725,-53.0781568282196
726,-53.08201166900002
727,-53.117089880174284
728,-53.15695896574718
729,-53.17475252693386
730,-53.258993962581314
731,-53.26455413828271
732,-53.267263867661505
733,-53.29775580287142
734,-53.29791364143253
735,-53.336140153204006
736,-53.36376879849094
737,-53.375407946080855
738,-53.377003599052706
739,-53.381438336472065
740,-53.38539002494192
741,-53.41494071288188
742,-53.42986425558828
743,-53.436561739028285
744,-53.43716040888101
745,-53.447231002660736
746,-53.458479292210924
747,-53.46484021620046
748,-53.46954347539729
749,-53.48168195163843
750,-53.4985302535076
751,-53.51996323883911
752,-53.547950786592395
753,-53.55622158088102
754,-53.5585589120456
755,-53.566566219586605
756,-53.575287781899625
757,-53.58132412295352
758,-53.58761473758646
759,-53.614114584598504
760,-53.62865771721645
761,-53.65121041435747
762,-53.65170023514615
763,-53.659268200309306
764,-53.66022064256277
765,-53.6603232879675
766,-53.67196549689312
767,-53.686752319361325
768,-53.69647099457898
769,-53.70292758301302
770,-53.71522488001069
771,-53.73854770887235
772,-53.76394534043777
773,-53.778430449038744
774,-53.78382478175957
775,-53.79127486944141
776,-53.81252386599553
777,-53.82520388062842
778,-53.827022912408076
779,-53.88426141058669
780,-53.916610966189836
781,-53.91817878554851
782,-53.94346297689408
783,-53.95006223174756
784,-53.994351535750994
785,-54.00537664027791
786,-54.013125455971405
787,-54.013847982350185
788,-54.017098971035814
789,-54.01906896190837
790,-54.02483322811933
791,-54.02615630110763
792,-54.02799786390674
793,-54.0313927773345
794,-54.044734666327535
795,-54.04688869086545
796,-54.04844618326551
797,-54.06512965548592
798,-54.10357740819289
799,-54.119907648047274
800,-54.132563585329386
801,-54.13384492838917
802,-54.14025450875651
803,-54.156920859518614
804,-54.15693944240048
805,-54.21501328141755
806,-54.22351490961106
807,-54.243034525228516
808,-54.243154437278235
809,-54.24519940660377
810,-54.26865242600478
811,-54.279353257363695
812,-54.28964913475285
813,-54.299381583601246
814,-54.30484629135667
815,-54.30876057288727
816,-54.32021625803365
817,-54.34095610648714
818,-54.344986083636144
819,-54.34924736927498
820,-54.36545412106109
821,-54.393736439469485
822,-54.39940466429445
823,-54.4143889165339
824,-54.423981643851775
825,-54.444537641813056
826,-54.47310567539125
827,-54.49165508104507
828,-54.495503758594445
829,-54.49652616237915
830,-54.51275276625252
831,-54.51871526203888
832,-54.52948111394329
833,-54.52991974464356
834,-54.53660216579241
835,-54.53950334850207
836,-54.53982624364273
837,-54.55278092496099
838,-54.55781211509862
839,-54.55856918431666
840,-54.55870708179798
841,-54.56925805502487
842,-54.572086468344395
843,-54.5900817913147
844,-54.59069417501237
845,-54.59564701249119
846,-54.59574956079596
847,-54.60041096492261
848,-54.613144589888805
849,-54.6257877625321
850,-54.64789142717086
851,-54.65251197585704
852,-54.65888235010675
853,-54.66154647772546
854,-54.666434041883406
855,-54.67189333223091
856,-54.68127612177358
857,-54.68716019111488
858,-54.69488887883161
859,-54.704379212706264
860,-54.70634728491675
861,-54.70813489128796
862,-54.71169158496518
863,-54.71490194434168
864,-54.72921877554882
865,-54.734128623925436
866,-54.7353876833532
867,-54.73834407204786
868,-54.743810663162506
869,-54.74386106579549
870,-54.74920881442972
871,-54.74955393157919
872,-54.75046247368392
873,-54.7556601915286
874,-54.76024687874172
875,-54.76816092287264
876,-54.76850569244504
877,-54.7737383512575
878,-54.77772177739646
879,-54.77817542114311
880,-54.779836046855095
881,-54.7834706594065
882,-54.78592449772249
883,-54.788196416601394
884,-54.78879962104664
885,-54.79042833455163
886,-54.79058000674857
887,-54.79151240692779
888,-54.79153925339922
889,-54.791878345333956
890,-54.79198857066247
891,-54.79369447040634
892,-54.79421594835284
893,-54.79486562140963
894,-54.79543551062935
895,-54.79850960798564
896,-54.800039856642805
897,-54.80299942840745
898,-54.80334267390885
899,-54.809123334089726
900,-54.81165631704368
901,-54.81179642791871
902,-54.813756769194924
903,-54.81401464259289
904,-54.81401580365539
905,-54.814679386216774
906,-54.8147544659998
907,-54.82037225642556
908,-54.82082914996834
909,-54.82082995887255
910,-54.823200285012845
911,-54.82416113921532
912,-54.82416924242901
913,-54.82438102729037
914,-54.82606926532007
915,-54.826594764950954
916,-54.82681028725892
917,-54.82712393241807
918,-54.82754808259188
919,-54.82784891562359
920,-54.828005849219636
921,-54.82878395596075
922,-54.831203452411025
923,-54.8327152306131
924,-54.83428504926449
925,-54.83490841860996
926,-54.83517921635739
927,-54.83556265747555
928,-54.83565816254666
929,-54.83646050083384
930,-54.837293969630075
931,-54.83750464913264
932,-54.83876682188407
933,-54.83889480764955
934,-54.838949986270826
935,-54.840032824320545
936,-54.84193915079182
937,-54.843660280315156
938,-54.8438136348642
939,-54.84437498644411
940,-54.844807100380905
941,-54.84585084583084
942,-54.84598409691102
943,-54.84678567287659
944,-54.84953361575896
945,-54.85128813289514
946,-54.85216851710558
947,-54.85227468873798
948,-54.85246302429256
949,-54.8546198059274
950,-54.85559085989791
951,-54.855620156283294
952,-54.85570931634411
953,-54.85792655777266
954,-54.85813657026899
955,-54.85985872337646
956,-54.862509986160724
957,-54.86407369535055
958,-54.864215203526456
959,-54.86668978278742
960,-54.86737822341774
961,-54.8704986187458
962,-54.87066998260057
963,-54.871194233033115
964,-54.87221644168457
965,-54.87227486398734
966,-54.873961002954104
967,-54.875507968199855
968,-54.876233515062225
969,-54.87774203314347
970,-54.87804761570377
971,-54.87870526892171
972,-54.8798948639051
973,-54.88059694192169
974,-54.88140773716056
975,-54.8840803974927
976,-54.88427342597005
977,-54.88514389910321
978,-54.885298996259706
979,-54.88535714219756
980,-54.88689209730303
981,-54.88882639454225
982,-54.88981231295343
983,-54.89178148050348
984,-54.892300594942455
985,-54.89461653526031
986,-54.89640348753009
987,-54.89693526890268
988,-54.89731037844457
989,-54.89749824347533
990,-54.89812432590688
991,-54.89950408414395
992,-54.902926531151486
993,-54.90399701145044
994,-54.90424572230045
995,-54.90450402071049
996,-54.90523596540012
997,-54.90549000256321
998,-54.9057975214488
999,-54.90829104080554
1000,-54.90830783651073
1001,-54.90963583125788
1002,-54.910043390985486
1003,-54.91177198696364
1004,-54.91193177867821
1005,-54.91311389626584
1006,-54.91379812855058
1007,-54.9142396676795
1008,-54.91456306539517
1009,-54.915539328189524
1010,-54.91637699697333
1011,-54.917223815867
1012,-54.91756696014927
1013,-54.91761683073895
1014,-54.91805883848808
1015,-54.918072022177476
1016,-54.918426979672674
1017,-54.91849093793472
1018,-54.91986955067362
1019,-54.92230219833827
1020,-54.9227862263653
1021,-54.923175220192284
1022,-54.9232728112866
1023,-54.923932503977845
1024,-54.924630529588
1025,-54.92707819439758
1026,-54.928420263709846
1027,-54.92857205969162
1028,-54.9287204298933
1029,-54.928819295983246
1030,-54.92903055442609
1031,-54.92931688473178
1032,-54.93078908195364
1033,-54.93121606884755
1034,-54.931670164748006
1035,-54.93256365867768
1036,-54.93271741916451
1037,-54.933708743786234
1038,-54.93390735712922
1039,-54.93519087819904
1040,-54.935553064063974
1041,-54.93601767554732
1042,-54.936294917599895
1043,-54.93660389589825
1044,-54.937864644742234
1045,-54.93846739306954
1046,-54.94004988267758
1047,-54.94014903670665
1048,-54.9404509435122
1049,-54.940524041176666
1050,-54.94072318395507
1051,-54.9432821660558
1052,-54.94380349852686
1053,-54.94426195130502
1054,-54.94652146054087
1055,-54.948315947776564
1056,-54.948830962381635
1057,-54.94925376322898
1058,-54.9501016883362
1059,-54.95037642798021
1060,-54.950414077222874
1061,-54.952977861506994
1062,-54.95489344206625
1063,-54.95514870360484
1064,-54.956746775415574
1065,-54.95848039125015
1066,-54.96039929747465
1067,-54.96104990490505
1068,-54.96244215506616
1069,-54.96250744682124
1070,-54.962533915554346
1071,-54.96358426106767
1072,-54.96393590504402
1073,-54.96414034165922
1074,-54.965089502245284
1075,-54.96567609458891
1076,-54.9671066147626
1077,-54.967471312027165
1078,-54.96819979625192
1079,-54.96854978768276
1080,-54.97035212746165
1081,-54.972478663420596
1082,-54.972613812070584
1083,-54.9731374308554
1084,-54.97453192523927
1085,-54.97501359005581
1086,-54.9763027279797
1087,-54.976617123441436
1088,-54.97667332002943
1089,-54.977179702401315
1090,-54.97809999382891
1091,-54.97845255949512
1092,-54.98083177143471
1093,-54.98153565039726
1094,-54.98194863215534
1095,-54.98281396974084
1096,-54.98284552562479
1097,-54.98312433263655
1098,-54.983230522746474
1099,-54.98467929367884
1100,-54.985061366773515
1101,-54.986243116512796
1102,-54.98906437138948
1103,-54.98919777362665
1104,-54.989644319290804
1105,-54.99026814495036
1106,-54.99044134840165
1107,-54.990974125838754
1108,-54.99158897503779
1109,-54.99171677052806
1110,-54.993287691826325
1111,-54.99363712105149
1112,-54.99367852299757
1113,-54.99393004852044
1114,-54.99449633549831
1115,-54.994928157615846
1116,-54.995359824046744
1117,-54.996552952483576
1118,-54.996754341746595
1119,-55.00336203812425
1120,-55.00371593940818
1121,-55.00663698485329
1122,-55.00673004943475
1123,-55.007058183519405
1124,-55.007257367718715
1125,-55.009250391183656
1126,-55.01037327032503
1127,-55.01215837113264
1128,-55.01366700683475
1129,-55.0138817254681
1130,-55.01436551128826
1131,-55.01481767933793
1132,-55.01609300861058
1133,-55.01754061083041
1134,-55.01783334326559
1135,-55.01845562213543
1136,-55.01951667155321
1137,-55.01952276372893
1138,-55.019805943156996
1139,-55.021104437752776
1140,-55.02114407321227
1141,-55.02155833780687
1142,-55.02166405551886
1143,-55.02241976530953
1144,-55.02245474258829
1145,-55.02468696797676
1146,-55.02535731884309
1147,-55.02546057175899
1148,-55.02673199550423
1149,-55.02694306427078
1150,-55.0271669821766
1151,-55.02846319730378
1152,-55.029521882682324
1153,-55.02962379970014
1154,-55.03085172777138
1155,-55.030947747799345
1156,-55.03186079471698
1157,-55.03236849283057
1158,-55.03369811319228
1159,-55.03404048565369
1160,-55.03569106279053
1161,-55.03583331815752
1162,-55.03737888189808
1163,-55.037577429308804
1164,-55.037985638094604
1165,-55.03845215013459
1166,-55.03893583053294
1167,-55.04103322937032
1168,-55.04145453372119
1169,-55.04195577246179
1170,-55.04205075284361
1171,-55.04205305362444
1172,-55.04295828309489
1173,-55.04311030371131
1174,-55.04380136843898
1175,-55.04560937561625
1176,-55.04669271772852
1177,-55.047699432759536
1178,-55.04792228149111
1179,-55.0481589342534
1180,-55.04841994391163
1181,-55.04904967675598
1182,-55.05185280416495
1183,-55.05217495118785
1184,-55.052837283705024
1185,-55.05288761731255
1186,-55.05311509153221
1187,-55.05316219754335
1188,-55.054038404662016
1189,-55.05422657068288
1190,-55.05584404768514
1191,-55.055863800789616
1192,-55.057138111873634
1193,-55.05779799045676
1194,-55.058341145853085
1195,-55.05928521454134
1196,-55.06087928214922
1197,-55.0612626038523
1198,-55.06199395977502
1199,-55.062065088915695
1200,-55.06211652340125
1201,-55.065526153505175
1202,-55.06654724667388
1203,-55.067106400334126
1204,-55.06764429593275
1205,-55.0683139191655
1206,-55.06894689561518
1207,-55.06950651786762
1208,-55.06994327733557
1209,-55.070618308890765
1210,-55.07064460687595
1211,-55.0715232686533
1212,-55.071793708869734
1213,-55.07251310716429
1214,-55.072628647507244
1215,-55.074393928093244
1216,-55.07600808123476
1217,-55.0760254135614
1218,-55.07707983228337
1219,-55.07721683552927
1220,-55.07763619316192
1221,-55.077964158168186
1222,-55.07859475000228
1223,-55.078967802224604
1224,-55.07988824582307
1225,-55.08025568633676
1226,-55.080533776253375
1227,-55.0827833900895
1228,-55.084150832863415
1229,-55.084178812166726
1230,-55.08482674977785
1231,-55.08512463502958
1232,-55.08540859394567
1233,-55.08571490877713
1234,-55.08589181546571
1235,-55.08667141670221
1236,-55.087199189720124
1237,-55.087250765345566
1238,-55.08733628196699
1239,-55.08764789314311
1240,-55.0888132442014
1241,-55.0888576680273
1242,-55.08927914667565
1243,-55.08938339716222
1244,-55.08978123421299
1245,-55.09007057012223
1246,-55.09153940991079
1247,-55.09199880027049
1248,-55.09312429225637
1249,-55.09444572754153
1250,-55.096001939931334
1251,-55.09620515209626
1252,-55.09775280976655
1253,-55.097953914172706
1254,-55.098472630321616
1255,-55.09920335220332
1256,-55.10074744168638
1257,-55.1010213754578
1258,-55.10124587682668
1259,-55.10171037358558
1260,-55.10295403504632
1261,-55.10383526189297
1262,-55.10429337565218
1263,-55.104764495745854
1264,-55.105781650686986
1265,-55.10582177103392
1266,-55.106419857530796
1267,-55.10793937383087
1268,-55.10829015146551
1269,-55.10867514603846
1270,-55.11080937855622
1271,-55.11115415069681
1272,-55.11133184961836
1273,-55.11135363194365
1274,-55.11309062650487
1275,-55.113322131513215
1276,-55.113486814820874
1277,-55.113938484390815
1278,-55.11429601608151
1279,-55.114780524323415
1280,-55.11485223235555
1281,-55.1152560094323
1282,-55.115670203619324
1283,-55.116511662846776
1284,-55.1168878096338
1285,-55.11707895223635
1286,-55.117095610109594
1287,-55.11749108449656
1288,-55.11763860836692
1289,-55.11810046098436
1290,-55.11828917787635
1291,-55.119270884144534
1292,-55.11939437962361
1293,-55.1196222439765
1294,-55.120212587003344
1295,-55.1207585270312
1296,-55.12097844146504
1297,-55.12130503878203
1298,-55.1213854587923
1299,-55.12139796116778
1300,-55.12183492043927
1301,-55.12196222868149
1302,-55.12207952768833
1303,-55.12214928029475
1304,-55.122458169326
1305,-55.1228185865119
1306,-55.1228687950309
1307,-55.12323207708325
1308,-55.123744163221026
1309,-55.123798192286586
1310,-55.12402272012485
1311,-55.12427363225955
1312,-55.12460609279311
1313,-55.125879543834785
1314,-55.12603466101341
1315,-55.12784552043943
1316,-55.12938123937654
1317,-55.13004917356015
1318,-55.13153151355155
1319,-55.13175878723842
1320,-55.132449223192154
1321,-55.13245238901253
1322,-55.1328017543044
1323,-55.13284417009815
1324,-55.13308710858688
1325,-55.13502495046776
1326,-55.13548348438085
1327,-55.135561907039495
1328,-55.135701198296815
1329,-55.13577411425591
1330,-55.1361383436501
1331,-55.13653510623865
1332,-55.13666687312005
1333,-55.13683813875749
1334,-55.13686546061043
1335,-55.137335176501544
1336,-55.13756076053271
1337,-55.13854439949875
1338,-55.138830820311384
1339,-55.13917667380123
1340,-55.13987962453487
1341,-55.1408120622429
1342,-55.14085214051184
1343,-55.14113327588625
1344,-55.14232079853966
1345,-55.143232332444555
1346,-55.14361579410763
1347,-55.143914567920625
1348,-55.14441284677983
1349,-55.144959324827596
1350,-55.145913676515484
1351,-55.146277224170866
1352,-55.146466603357005
1353,-55.14673394917676
1354,-55.14736825090083
1355,-55.14829477758382
1356,-55.148512838461194
1357,-55.14869898228969
1358,-55.14988345433981
1359,-55.15287647119191
1360,-55.15290614366989
1361,-55.15322130990572
1362,-55.15482749821959
1363,-55.15483649475633
1364,-55.1554546278786
1365,-55.15683964268943
1366,-55.15723643001623
1367,-55.15859929369639
1368,-55.15865911906905
1369,-55.15937431911463
1370,-55.16000218369235
1371,-55.160342468576786
1372,-55.16100124305078
1373,-55.16143050190955
1374,-55.16190534525527
1375,-55.161954709934555
1376,-55.16258874038574
1377,-55.163345269300834
1378,-55.163631448423
1379,-55.16363199909826
1380,-55.16463737712852
1381,-55.16530013918525
1382,-55.16553732176735
1383,-55.165595225465246
1384,-55.165610491624335
1385,-55.165868326384604
1386,-55.166511052039866
1387,-55.167276520309684
1388,-55.16741548782277
1389,-55.16810570830863
1390,-55.16823233628873
1391,-55.168266920503804
1392,-55.168915118842385
1393,-55.17140143002215
1394,-55.17172242791517
1395,-55.17182120739142
1396,-55.17182805059406
1397,-55.17188153603553
1398,-55.172801910216265
1399,-55.172872267821994
1400,-55.17296836393267
1401,-55.17315222944776
1402,-55.173330030036105
1403,-55.17506338047977
1404,-55.176110724959976
1405,-55.17675529802088
1406,-55.17715566604895
1407,-55.17725822158514
1408,-55.177427974127504
1409,-55.177988808595934
1410,-55.17839637350086
1411,-55.17869284562392
1412,-55.17946912256712
1413,-55.17960503625972
1414,-55.17977049385131
1415,-55.18024486321105
1416,-55.18044982005923
1417,-55.18102960040768
1418,-55.18108570837386
1419,-55.1819859155173
1420,-55.183241674963504
1421,-55.18395856360985
1422,-55.185230137826835
1423,-55.185383548847184
1424,-55.18610400945636
1425,-55.18646589301321
1426,-55.18706016390563
1427,-55.187458919839784
1428,-55.1877897637944
1429,-55.188090840282236
1430,-55.188276561039885
1431,-55.1884021544768
1432,-55.18840550159106
1433,-55.188918175696955
1434,-55.18920369625124
1435,-55.1892279960713
1436,-55.189694748811846
1437,-55.19027022158963
1438,-55.1904391405123
1439,-55.19054527636088
1440,-55.19064211876355
1441,-55.19139403040232
1442,-55.192382134888504
1443,-55.19245296212949
1444,-55.19395545410294
1445,-55.19430302524823
1446,-55.194633941949675
1447,-55.1951325539253
1448,-55.195640557314725
1449,-55.19599194243667
1450,-55.196773327744225
1451,-55.19690403373163
1452,-55.197818923409976
1453,-55.19838949594374
1454,-55.19889253488019
1455,-55.199379923326994
1456,-55.19998604365138
1457,-55.20050339325486
1458,-55.2008173188363
1459,-55.20094519580038
1460,-55.20105860381242
1461,-55.20194074035454
1462,-55.20311530723978
1463,-55.20464707879929
1464,-55.20628027297454
1465,-55.20637887533588
1466,-55.206379703204135
1467,-55.206386063015984
1468,-55.207106402597375
1469,-55.208536670953315
1470,-55.20870854325702
1471,-55.209172656026425
1472,-55.209695170350415
1473,-55.20986631148941
1474,-55.2105901843261
1475,-55.21061575135212
1476,-55.21094766915059
1477,-55.21098307455109
1478,-55.21161719088814
1479,-55.211986267785754
1480,-55.21253608355356
1481,-55.21274385396692
1482,-55.21312491141211
1483,-55.213831351051546
1484,-55.213878320042035
1485,-55.21390915163819
1486,-55.2145318590229
1487,-55.21454174997391
1488,-55.214544143502245
1489,-55.214681719610084
1490,-55.21472701320763
1491,-55.21481896672995
1492,-55.21486863804326
1493,-55.215174648904664
1494,-55.215743429763904
1495,-55.217055012985
1496,-55.217383264322116
1497,-55.21773761968951
1498,-55.217750072954374
1499,-55.21787554945784
1500,-55.21890556744511
1501,-55.21951314296998
1502,-55.219652855637655
1503,-55.22052197556996
1504,-55.2209004521982
1505,-55.22112882393283
1506,-55.22151230744732
1507,-55.22187282867236
1508,-55.22210508851003
1509,-55.222413697253565
1510,-55.22261007856887
1511,-55.223231376471475
1512,-55.22338162123792
1513,-55.223957293719174
1514,-55.22446742117733
1515,-55.22456343202153
1516,-55.22527434328693
1517,-55.22585782028615
1518,-55.22647611520644
1519,-55.22653268284515
1520,-55.2268828840735
1521,-55.227172601304716
1522,-55.22772049592152
1523,-55.2280534179596
1524,-55.22844139646983
1525,-55.22885451238471
1526,-55.229177148376486
1527,-55.22942351279434
1528,-55.23011307170331
1529,-55.231232949799995
1530,-55.23147943867914
1531,-55.232160834871415
1532,-55.23239161830902
1533,-55.23250643773827
1534,-55.23322603697549
1535,-55.2339493337552
1536,-55.23406155437163
1537,-55.23445809766569
1538,-55.23468141076785
1539,-55.23469626849441
1540,-55.23496234772148
1541,-55.23596100224039
1542,-55.23635889154588
1543,-55.2368278147793
1544,-55.23690637412419
1545,-55.237721756171375
1546,-55.238077307777345
1547,-55.238847704974816
1548,-55.23911399774409
1549,-55.239168483297604
1550,-55.23929176371869
1551,-55.23957102376181
1552,-55.241296222690174
1553,-55.24136268358206
1554,-55.24172631813762
1555,-55.24177951754607
1556,-55.24182040599399
1557,-55.2419770217582
1558,-55.24215437227332
1559,-55.242179259738876
1560,-55.242692730170184
1561,-55.242701586991416
1562,-55.24287481180693
1563,-55.24337653564689
1564,-55.24381740362488
1565,-55.2440338684122
1566,-55.244179625764424
1567,-55.244674396752075
1568,-55.24586413766456
1569,-55.24591797807635
1570,-55.245997998087766
1571,-55.24652026782334
1572,-55.246666505513375
1573,-55.24768647068847
1574,-55.24792755824832
1575,-55.24823000133103
1576,-55.248657147197456
1577,-55.249254308691214
1578,-55.24998728854268
1579,-55.25002847869094
1580,-55.250482580689386
1581,-55.250879670164494
1582,-55.25169787786177
1583,-55.25204174681271
1584,-55.25253613311616
1585,-55.25257541274432
1586,-55.252708796833495
1587,-55.253462006954784
1588,-55.25369736933915
1589,-55.253741544751456
1590,-55.25404212517346
1591,-55.25465908862407
1592,-55.25484027574192
1593,-55.25596110152124
1594,-55.25644172493441
1595,-55.256568657436
1596,-55.25658030693451
1597,-55.25807850951616
1598,-55.25811111295052
1599,-55.25812081355536
1600,-55.25883513523009
1601,-55.258875940625614
1602,-55.260279992853484
1603,-55.26043210855764
1604,-55.26142200051639
1605,-55.26202967154185
1606,-55.26219471603509
1607,-55.262879838186265
1608,-55.26307843187914
1609,-55.26308438947188
1610,-55.26346723507302
1611,-55.26355070252562
1612,-55.26408469531329
1613,-55.264802956585676
1614,-55.26522721857332
1615,-55.265824484658175
1616,-55.266293536671974
1617,-55.26630061164084
1618,-55.26642889379088
1619,-55.26681539853306
1620,-55.26723094348945
1621,-55.267871115036314
1622,-55.26793550707448
1623,-55.268987048009365
1624,-55.269105534265265
1625,-55.26920395087129
1626,-55.269558618925
1627,-55.26957414234891
1628,-55.26974133239288
1629,-55.27004684322798
1630,-55.270403930280956
1631,-55.271191637095455
1632,-55.27149985647709
1633,-55.271580052450304
1634,-55.271739675376935
1635,-55.27285001458135
1636,-55.272935041352625
1637,-55.27327478060796
1638,-55.27341020007406
1639,-55.273543511823
1640,-55.27380758020809
1641,-55.27403639655882
1642,-55.27425750857615
1643,-55.27474785588687
1644,-55.27487684779227
1645,-55.27546666027585
1646,-55.275491268650136
1647,-55.27564931637757
1648,-55.275853657272656
1649,-55.27621145363553
1650,-55.276368034397805
1651,-55.276476607942065
1652,-55.27678893000853
1653,-55.27699051646829
1654,-55.27707754976667
1655,-55.277279357263225
1656,-55.277715033125965
1657,-55.27788242642869
1658,-55.278157236566884
1659,-55.27822808413676
1660,-55.279438614816236
1661,-55.27945861586325
1662,-55.280002227518416
1663,-55.281146175339416
1664,-55.281400526622065
1665,-55.28151413934473
1666,-55.28158713561998
1667,-55.281970708309956
1668,-55.282079959165024
1669,-55.28233777651097
1670,-55.28303133521199
1671,-55.28332199126136
1672,-55.28347190620668
1673,-55.283733603446215
1674,-55.28430273306636
1675,-55.28434895276888
1676,-55.28451319911503
1677,-55.28497484004168
1678,-55.28503461440468
1679,-55.28508205192051
1680,-55.285466137554494
1681,-55.285476113513035
1682,-55.28565385987735
1683,-55.28585055113161
1684,-55.286082975887155
1685,-55.2861157559508
1686,-55.286704362196396
1687,-55.28687944964323
1688,-55.28699604412998
1689,-55.287031500480055
1690,-55.28709741722156
1691,-55.287195918889466
1692,-55.28739728941109
1693,-55.28758361207109
1694,-55.28759158539946
1695,-55.28759896156675
1696,-55.28826602646395
1697,-55.28826630320431
1698,-55.2886997560254
1699,-55.28898263609631
1700,-55.28941130245309
1701,-55.2896003346855
1702,-55.291505231859446
1703,-55.291794338745724
1704,-55.29186162840239
1705,-55.29206285799728
1706,-55.292242072692574
1707,-55.29226674829778
1708,-55.29277007112798
1709,-55.29357076385818
1710,-55.293856295017505
1711,-55.294097572403544
1712,-55.294410355295334
1713,-55.29486126908429
1714,-55.294959215899745
1715,-55.296453213242025
1716,-55.29710191516728
1717,-55.2971637801636
1718,-55.297310685383756
1719,-55.2973280889864
1720,-55.297665418282904
1721,-55.29771455604232
1722,-55.297807130784385
1723,-55.29796435058411
1724,-55.29868372115811
1725,-55.298797310713496
1726,-55.29900545004347
1727,-55.29911279006688
1728,-55.29920004180125
1729,-55.30009238845728
1730,-55.30114816176514
1731,-55.30175161389479
1732,-55.302590107600814
1733,-55.30270017364399
1734,-55.302861793097954
1735,-55.30294990272179
1736,-55.3034313567081
1737,-55.303446350059716
1738,-55.30346555877572
1739,-55.30364455866552
1740,-55.304039005292005
1741,-55.30418673171431
1742,-55.30450921231988
1743,-55.30489546182671
1744,-55.305156474492506
1745,-55.30525226706519
1746,-55.30530248152834
1747,-55.30607478518764
1748,-55.306902475091505
1749,-55.30708973988157
1750,-55.309373325261596
1751,-55.30937440684997
1752,-55.30966666056867
1753,-55.30977594145635
1754,-55.30990276980933
1755,-55.31121256792342
1756,-55.311533604199276
1757,-55.31173441904418
1758,-55.31215802522556
1759,-55.31216095073756
1760,-55.31260327490784
1761,-55.31285908420129
1762,-55.31286158975754
1763,-55.314101137786835
1764,-55.31446112075797
1765,-55.31490306151302
1766,-55.315999984998165
1767,-55.31639355185251
1768,-55.31639976446997
1769,-55.31667488077897
1770,-55.31723560754674
1771,-55.31755755518084
1772,-55.31796097989735
1773,-55.318204044905485
1774,-55.31838507387206
1775,-55.318579281270985
1776,-55.31858293624484
1777,-55.31925595501398
1778,-55.319422009890005
1779,-55.319583241263736
1780,-55.3201496061252
1781,-55.32059351476732
1782,-55.32073687472216
1783,-55.321256183039594
1784,-55.322173349259785
1785,-55.322895572857256
1786,-55.32361245175687
1787,-55.323671184076815
1788,-55.32379530559832
1789,-55.32384702005
1790,-55.32478427847757
1791,-55.325087357402225
1792,-55.32517154807907
1793,-55.3254710547711
1794,-55.32548313157869
1795,-55.32667110728683
1796,-55.326709566886954
1797,-55.327055240610605
1798,-55.32712237505727
1799,-55.3275334473108
1800,-55.3277654367451
1801,-55.32808955592835
1802,-55.3285137853747
1803,-55.328835332448314
1804,-55.32885858481719
1805,-55.329327185207035
1806,-55.32936677375452
1807,-55.32966209419753
1808,-55.32967749204648
1809,-55.329880738321485
1810,-55.33069632050867
1811,-55.33096354404134
1812,-55.331112619917185
1813,-55.33166329302181
1814,-55.334404003155086
1815,-55.33469736469887
1816,-55.3347920897029
1817,-55.335712759490335
1818,-55.33571295164138
1819,-55.33615066404198
1820,-55.33627869913963
1821,-55.33702142372854
1822,-55.33704778285704
1823,-55.33706314356732
1824,-55.33742645001577
1825,-55.33795924785962
1826,-55.33801695992824
1827,-55.33812929887139
1828,-55.338240961219576
1829,-55.338465022033205
1830,-55.33874334688988
1831,-55.33897851774104
1832,-55.33902108099975
1833,-55.33913312199418
1834,-55.33931927631201
1835,-55.339543835983676
1836,-55.340503051418956
1837,-55.341307722739614
1838,-55.34142837747794
1839,-55.34149896506331
1840,-55.341619252319795
1841,-55.34171413421756
1842,-55.34247272659669
1843,-55.3434843401508
1844,-55.34397970153729
1845,-55.34446146844439
1846,-55.34590874349257
1847,-55.346266727602064
1848,-55.34629338733587
1849,-55.34647743461048
1850,-55.34649277464434
1851,-55.346821087948975
1852,-55.34690489586172
1853,-55.346980367500194
1854,-55.34704658246521
1855,-55.34718248562813
1856,-55.34719555236059
1857,-55.34730824207669
1858,-55.347537462460494
1859,-55.34885219408027
1860,-55.34889668022419
1861,-55.349102484929574
1862,-55.349249516818254
1863,-55.34962717859718
1864,-55.349736237331776
1865,-55.35035773299538
1866,-55.35069680304197
1867,-55.35091745819386
1868,-55.35132179289673
1869,-55.35132429279106
1870,-55.351467274965096
1871,-55.35197911741562
1872,-55.35248592350389
1873,-55.352496739957864
1874,-55.352654980648495
1875,-55.354222594957825
1876,-55.35436011982132
1877,-55.35546602573615
1878,-55.356452427147616
1879,-55.35658004048248
1880,-55.35866034641104
1881,-55.35872405908634
1882,-55.35893643667878
1883,-55.35925615646401
1884,-55.35941131985817
1885,-55.35949451337634
1886,-55.35961160788491
1887,-55.35965046163193
1888,-55.36120652420688
1889,-55.36223024643131
1890,-55.36228498690902
1891,-55.36236272597224
1892,-55.36269768892961
1893,-55.36357319557672
1894,-55.36369586311642
1895,-55.36382371797798
1896,-55.36386199462864
1897,-55.36424978049341
1898,-55.36437468896107
1899,-55.36451587270973
1900,-55.36459080566152
1901,-55.36524101047574
1902,-55.36534942006561
1903,-55.36719382267045
1904,-55.36723495909697
1905,-55.36727829897222
1906,-55.367808016685025
1907,-55.36797457425308
1908,-55.36865025456923
1909,-55.369534728767746
1910,-55.370270680093185
1911,-55.370527039285676
1912,-55.37069346575596
1913,-55.37098658569205
1914,-55.3711135081052
1915,-55.37144292694562
1916,-55.372103105195016
1917,-55.372267099360805
1918,-55.372961059089576
1919,-55.37304730931742
1920,-55.373217000517
1921,-55.37328596498533
1922,-55.37358776480292
1923,-55.37374703660795
1924,-55.37394622518048
1925,-55.374559653718116
1926,-55.37488018119354
1927,-55.37627532163137
1928,-55.3764771090905
1929,-55.3767389952629
1930,-55.377195773451795
1931,-55.377512910707324
1932,-55.378214446235596
1933,-55.37857929809661
1934,-55.37955545865098
1935,-55.38001974338717
1936,-55.38028597965238
1937,-55.38066580847752
1938,-55.38069245294572
1939,-55.380795644536036
1940,-55.38151590030648
1941,-55.38188306247203
1942,-55.383155268339046
1943,-55.3836057073425
1944,-55.38405090290856
1945,-55.38436694512543
1946,-55.38484851275538
1947,-55.38533868874828
1948,-55.385616976993774
1949,-55.386185594355545
1950,-55.38702683033042
1951,-55.38705321255689
1952,-55.38740255200868
1953,-55.38745158886772
1954,-55.388893944448995
1955,-55.38991606974361
1956,-55.390139540145476
1957,-55.39081975764242
1958,-55.39082751000567
1959,-55.390862857834655
1960,-55.39110944693445
1961,-55.39180973910227
1962,-55.39247803352649
1963,-55.39288083417949
1964,-55.393195328781765
1965,-55.39335798010904
1966,-55.39344305652681
1967,-55.39344479312472
1968,-55.39424570719409
1969,-55.39463825232128
1970,-55.394791307793426
1971,-55.3954312626164
1972,-55.395688255392095
1973,-55.39572967773771
1974,-55.3957838371559
1975,-55.395863480971066
1976,-55.395899067044425
1977,-55.39704535284356
1978,-55.3977349503045
1979,-55.39802585865448
1980,-55.3983901175279
1981,-55.398456721447324
1982,-55.39878161657761
1983,-55.39900522290202
1984,-55.39932180575506
1985,-55.399770609967305
1986,-55.39998217265762
1987,-55.400637614590146
1988,-55.40127052916172
1989,-55.401279033474474
1990,-55.4023326407559
1991,-55.40255592878948
1992,-55.40267434154671
1993,-55.40279644904028
1994,-55.40294237451092
1995,-55.403149761999636
1996,-55.40327296324952
1997,-55.40397704970346
1998,-55.40445532089924
1999,-55.40485408025051
2000,-55.405156795899906
2001,-55.405555524286584
2002,-55.40675151031662
2003,-55.40687216861181
2004,-55.40697297152426
2005,-55.40702115929828
2006,-55.40736743832369
2007,-55.408282529245156
2008,-55.4083130455573
2009,-55.40841544000492
2010,-55.40854506226218
2011,-55.409788246487004
2012,-55.410577276273294
2013,-55.410669197104795
2014,-55.41216378245136
2015,-55.41236955338643
2016,-55.41336946697797
2017,-55.414469644152426
2018,-55.41527190517012
2019,-55.41559920906966
2020,-55.41566850291598
2021,-55.415857766270236
2022,-55.41627565176548
2023,-55.41652840223391
2024,-55.41670153041434
2025,-55.41672051794743
2026,-55.41681634433484
2027,-55.4178498941572
2028,-55.41806845630577
2029,-55.4182917036706
2030,-55.418320937846126
2031,-55.41846100551924
2032,-55.41901348029679
2033,-55.41924098089572
2034,-55.420331550151914
2035,-55.42033344842411
2036,-55.420519530823924
2037,-55.42068496971587
2038,-55.421265628219494
2039,-55.42161108177307
2040,-55.4219962543061
2041,-55.42223876311275
2042,-55.422379926031454
2043,-55.42269884614683
2044,-55.423039018795954
2045,-55.4247662102057
2046,-55.425739610218045
2047,-55.425775052754574
2048,-55.426255850076785
2049,-55.42661081113702
2050,-55.42669551413158
2051,-55.42799724016982
2052,-55.42924279362971
2053,-55.429733292311376
2054,-55.42980602946067
2055,-55.430238003527215
2056,-55.43097615194114
2057,-55.431596720462096
2058,-55.43208137550558
2059,-55.43228835353292
2060,-55.43240724342733
2061,-55.43285824670659
2062,-55.433043719250925
2063,-55.43313571813615
2064,-55.4332192823
2065,-55.43322927768141
2066,-55.433230629042804
2067,-55.43333013800693
2068,-55.43337343186247
2069,-55.433386016934755
2070,-55.43340105695265
2071,-55.43416009936581
2072,-55.43484723218101
2073,-55.43492742980983
2074,-55.435016976905764
2075,-55.435154544264
2076,-55.43517472729316
2077,-55.4353275449498
2078,-55.43533225391502
2079,-55.43535564290991
2080,-55.43548823197914
2081,-55.43614600498146
2082,-55.43686417402197
2083,-55.43707097066837
2084,-55.437560579237974
2085,-55.43769917865095
2086,-55.43854663819512
2087,-55.439150829375514
2088,-55.439269337148716
2089,-55.43979999772043
2090,-55.43991656674958
2091,-55.44000853897728
2092,-55.44015079188693
2093,-55.440299956566136
2094,-55.44045979291311
2095,-55.44095038806864
2096,-55.44166192551397
2097,-55.441741955846496
2098,-55.44183682038846
2099,-55.44185639450989
2100,-55.44231046516108
2101,-55.44258960193809
2102,-55.44267174897709
2103,-55.44283886576052
2104,-55.44446251044874
2105,-55.44458256770021
2106,-55.444998318033946
2107,-55.44511302206562
2108,-55.44515273527673
2109,-55.44544661571094
2110,-55.44629308666406
2111,-55.446430963998516
2112,-55.44643636861081
2113,-55.44660867399039
2114,-55.44722110842651
2115,-55.447682320796055
2116,-55.44778354092391
2117,-55.44790036803238
2118,-55.44834322205061
2119,-55.44870591663193
2120,-55.4489004454322
2121,-55.44950648369023
2122,-55.44999737963187
2123,-55.450104716549156
2124,-55.45073415763027
2125,-55.450961726064115
2126,-55.45144384578934
2127,-55.451656346512955
2128,-55.45237173562898
2129,-55.45268373579462
2130,-55.45321446609279
2131,-55.453436134110895
2132,-55.45400441296284
2133,-55.4550871751231
2134,-55.45536743882595
2135,-55.45547923897742
2136,-55.45588527057608
2137,-55.45602198928413
2138,-55.45632992386091
2139,-55.45651145910535
2140,-55.456915270526615
2141,-55.457381686808546
2142,-55.457448126114286
2143,-55.45787525924456
2144,-55.45809988928773
2145,-55.45818107326034
2146,-55.45910642405616
2147,-55.45979351628671
2148,-55.45981539251442
2149,-55.45992750238953
2150,-55.46021183457016
2151,-55.461387685003
2152,-55.46154680324227
2153,-55.461732337583626
2154,-55.46176498136832
2155,-55.46177965052342
2156,-55.46179161517786
2157,-55.46207041378562
2158,-55.462220162128666
2159,-55.462611408999145
2160,-55.462885461807566
2161,-55.463072998867744
2162,-55.46449041395638
2163,-55.46541155582938
2164,-55.465456692129884
2165,-55.465607133643765
2166,-55.46622106492774
2167,-55.46628357810955
2168,-55.46664248261415
2169,-55.467280110618596
2170,-55.467511005879935
2171,-55.46758721686079
2172,-55.46818824043275
2173,-55.46819456521458
2174,-55.46830160761542
2175,-55.46901222360333
2176,-55.46936257198914
2177,-55.469450952588026
2178,-55.46997940468503
2179,-55.47008246579684
2180,-55.47055064233593
2181,-55.47061169745509
2182,-55.47099597262491
2183,-55.47101220681217
2184,-55.47143871182018
2185,-55.47148449449626
2186,-55.4715144358735
2187,-55.4721342069451
2188,-55.472183378359404
2189,-55.47219278107391
2190,-55.47223927760311
2191,-55.47238138911305
2192,-55.472397684861285
2193,-55.47256607647063
2194,-55.47279438469087
2195,-55.473403551519986
2196,-55.47411817417874
2197,-55.47466280912849
2198,-55.47481407127197
2199,-55.47540221519816
2200,-55.47558401274391
2201,-55.47559811162918
2202,-55.47572499096079
2203,-55.47585347347571
2204,-55.476105986862784
2205,-55.47634703478428
2206,-55.476619756815936
2207,-55.476944918041625
2208,-55.477858307336845
2209,-55.478946281634606
2210,-55.47961795492395
2211,-55.480241711451086
2212,-55.480405559219804
2213,-55.48054944717734
2214,-55.480977021793755
2215,-55.48189999234002
2216,-55.481902569449886
2217,-55.48243862722142
2218,-55.48313160750062
2219,-55.483265170680326
2220,-55.4838589022115
2221,-55.48428335049661
2222,-55.484417455928266
2223,-55.48473187131656
2224,-55.4850868824956
2225,-55.4851645734635
2226,-55.48574734347792
2227,-55.48580768715128
2228,-55.485828575611386
2229,-55.48635473083454
2230,-55.48652634408357
2231,-55.48653982167885
2232,-55.48675208622575
2233,-55.48713773631413
2234,-55.48746002319794
2235,-55.48763011977519
2236,-55.48771503924034
2237,-55.48834047858769
2238,-55.4888844160344
2239,-55.48951720785347
2240,-55.48979671179004
2241,-55.489976270327766
2242,-55.490639659721836
2243,-55.49163565889661
2244,-55.49167689156174
2245,-55.492615034120504
2246,-55.493008944251976
2247,-55.49311534649714
2248,-55.49323681828383
2249,-55.49343978926756
2250,-55.493515477435295
2251,-55.493526175803474
2252,-55.493532350111856
2253,-55.494711667807636
2254,-55.494728731403676
2255,-55.49485005215457
2256,-55.49570630576942
2257,-55.495928868014026
2258,-55.49617580140049
2259,-55.49650425842742
2260,-55.497015824252045
2261,-55.498348591638745
2262,-55.49842608353744
2263,-55.49849440717369
2264,-55.49899032852711
2265,-55.49968860799868
2266,-55.49974865398693
2267,-55.500164679542124
2268,-55.5006389947819
2269,-55.50077846309675
2270,-55.501432109028194
2271,-55.501648717968294
2272,-55.5021005590065
2273,-55.5022546482208
2274,-55.50247213494916
2275,-55.50282665883924
2276,-55.50290794994095
2277,-55.50331390958756
2278,-55.5044733949299
2279,-55.50498891353288
2280,-55.50575230554017
2281,-55.50597337352566
2282,-55.50644499346335
2283,-55.50723205411752
2284,-55.50728628144586
2285,-55.507620345413926
2286,-55.50766144748492
2287,-55.507928301184094
2288,-55.508425250140576
2289,-55.50853776261147
2290,-55.5086786259369
2291,-55.50894079380598
2292,-55.509094630577835
2293,-55.50925072379828
2294,-55.5093918412432
2295,-55.5105085013507
2296,-55.51091075390404
2297,-55.51124114023119
2298,-55.51248653808157
2299,-55.51278829064213
2300,-55.51310603594685
2301,-55.51311467950442
2302,-55.51312443688836
2303,-55.513181653584844
2304,-55.5135187337123
2305,-55.513582300261554
2306,-55.51365571293053
2307,-55.51397401919401
2308,-55.51476763433385
2309,-55.51526921800496
2310,-55.51536418849342
2311,-55.51603203625407
2312,-55.51633146372769
2313,-55.51680813964041
2314,-55.51695814473144
2315,-55.51736200486905
2316,-55.51736821423618
2317,-55.51737172663088
2318,-55.51815394872222
2319,-55.51827871847151
2320,-55.518506755352114
2321,-55.51985015177107
2322,-55.51993007067814
2323,-55.52017628488426
2324,-55.520473774881324
2325,-55.52055488405796
2326,-55.52073183571869
2327,-55.52076190725221
2328,-55.520805685941134
2329,-55.52115495870146
2330,-55.521681025057724
2331,-55.52202585060692
2332,-55.52316364441802
2333,-55.523558348823435
2334,-55.52397047264163
2335,-55.52414312620878
2336,-55.52464865142462
2337,-55.52497993237775
2338,-55.52509298351816
2339,-55.52555673623619
2340,-55.52585247003064
2341,-55.52606078807609
2342,-55.526218537638115
2343,-55.52671984387761
2344,-55.526739570170335
2345,-55.52709492062296
2346,-55.52746968352128
2347,-55.52750770220402
2348,-55.52766790649782
2349,-55.52903015139924
2350,-55.529172048078
2351,-55.52937274317596
2352,-55.52944874556351
2353,-55.529804525284625
2354,-55.52997309947046
2355,-55.52998643545607
2356,-55.530214065291
2357,-55.53040215989386
2358,-55.530462449556644
2359,-55.53047148828513
2360,-55.53066632380392
2361,-55.53077959242949
2362,-55.53108765461404
2363,-55.531532676944416
2364,-55.53172458950317
2365,-55.53246004500571
2366,-55.53248494990284
2367,-55.53257779877906
2368,-55.53276588687163
2369,-55.532952366097405
2370,-55.5333633823525
2371,-55.533366395140945
2372,-55.53392915340563
2373,-55.53401582881074
2374,-55.534273866002664
2375,-55.53447076695736
2376,-55.534678125923286
2377,-55.53583836606677
2378,-55.53603242216007
2379,-55.53621238751716
2380,-55.5366232048387
2381,-55.536892681615775
2382,-55.536947354008724
2383,-55.537154814717915
2384,-55.53792441800813
2385,-55.53814711132688
2386,-55.53835815486345
2387,-55.53843344812271
2388,-55.5388990213532
2389,-55.53913030096419
2390,-55.5399682882497
2391,-55.54061421655992
2392,-55.54127771936874
2393,-55.541765062525684
2394,-55.54181061899888
2395,-55.54186914279946
2396,-55.542290651753184
2397,-55.54293755274239
2398,-55.54343598772002
2399,-55.543922716499054
2400,-55.544369510224314
2401,-55.54587990268649
2402,-55.54645433210186
2403,-55.54649327832038
2404,-55.54685790188021
2405,-55.54702684233083
2406,-55.547311603969746
2407,-55.54769042138964
2408,-55.54776885648476
2409,-55.54785256129561
2410,-55.54810680569079
2411,-55.54814939573899
2412,-55.54888454161824
2413,-55.549358243901864
2414,-55.54944944017891
2415,-55.54953909750965
2416,-55.54976259130842
2417,-55.54976278727743
2418,-55.550135204381206
2419,-55.55055587624179
2420,-55.55060652846806
2421,-55.55111562575532
2422,-55.55154799362269
2423,-55.5524496446296
2424,-55.55298519468414
2425,-55.5537415635546
2426,-55.55397980885297
2427,-55.55417056967096
2428,-55.55463566906975
2429,-55.55498825145706
2430,-55.55535223507513
2431,-55.55626070070572
2432,-55.557017131908836
2433,-55.55716383800302
2434,-55.5572390472678
2435,-55.55779940928331
2436,-55.55814355570715
2437,-55.55818021388293
2438,-55.558391883591
2439,-55.5584660237934
2440,-55.558507744062766
2441,-55.55915416169363
2442,-55.55930903303528
2443,-55.5594423477977
2444,-55.55961914554426
2445,-55.55969934899647
2446,-55.55987840226646
2447,-55.56018991224464
2448,-55.56023171199725
2449,-55.560777161296436
2450,-55.561446235744135
2451,-55.561746222683276
2452,-55.56224002740676
2453,-55.562244576530745
2454,-55.56251732283453
2455,-55.562678693211396
2456,-55.56281907698053
2457,-55.5629554212068
2458,-55.56369981778169
2459,-55.56371405849968
2460,-55.56408907151725
2461,-55.564527696138974
2462,-55.5645562318411
2463,-55.56471548692252
2464,-55.56480478155339
2465,-55.56483117013818
2466,-55.56522852623931
2467,-55.565788433827166
2468,-55.566048443832464
2469,-55.56630309624799
2470,-55.56643644797875
2471,-55.566563082368745
2472,-55.56667108698874
2473,-55.56686839251903
2474,-55.566877624259035
2475,-55.56769530264356
2476,-55.56805217354425
2477,-55.5682340346679
2478,-55.568827821913146
2479,-55.56916226440677
2480,-55.56919860285297
2481,-55.56922856769523
2482,-55.56939039663719
2483,-55.56955621344258
2484,-55.57113672556092
2485,-55.57167683175373
2486,-55.572098169816705
2487,-55.57212119320702
2488,-55.572132821586024
2489,-55.57225246557627
2490,-55.57267194274875
2491,-55.57303642970445
2492,-55.57310179048957
2493,-55.573121933132136
2494,-55.57364695596036
2495,-55.573655674471325
2496,-55.57370263014018
2497,-55.57405718049677
2498,-55.57406630201952
2499,-55.57414430704485
2500,-55.574185720223646
2501,-55.574337900683894
2502,-55.574918685227885
2503,-55.57497759190436
2504,-55.57540595003628
2505,-55.57544648144953
2506,-55.57548497495506
2507,-55.57550627155173
2508,-55.57559861730412
2509,-55.57570353350722
2510,-55.57666974904979
2511,-55.57677332444598
2512,-55.576786736499656
2513,-55.57692750407701
2514,-55.57746994742169
2515,-55.57883075433437
2516,-55.57978752049217
2517,-55.579840308445284
2518,-55.58023102684353
2519,-55.580537758547734
2520,-55.58065950879284
2521,-55.58148706551238
2522,-55.58203606274633
2523,-55.58204323529515
2524,-55.58231630187447
2525,-55.582544017889596
2526,-55.58305736357249
2527,-55.583139821731315
2528,-55.58326290668742
2529,-55.583774266349394
2530,-55.58395418406151
2531,-55.583963600165625
2532,-55.58402099864048
2533,-55.584233450849524
2534,-55.584445062245265
2535,-55.5847447087854
2536,-55.584886399793675
2537,-55.58508028169511
2538,-55.585151048817
2539,-55.58575426148463
2540,-55.586093705959165
2541,-55.5861557084365
2542,-55.58617631856341
2543,-55.58647967707806
2544,-55.587061208991436
2545,-55.587089994211745
2546,-55.58709190689765
2547,-55.5875414407719
2548,-55.58757203783128
2549,-55.58759145597116
2550,-55.58807107888368
2551,-55.58815278062813
2552,-55.58849379639819
2553,-55.58850469718975
2554,-55.58912272254174
2555,-55.58928034688008
2556,-55.58930760850598
2557,-55.58933709140342
2558,-55.58954572353088
2559,-55.58958005572494
2560,-55.58963553868926
2561,-55.58991660477413
2562,-55.59026642274225
2563,-55.59061540629549
2564,-55.59062602641176
2565,-55.59066860341593
2566,-55.59110097883948
2567,-55.59121370409325
2568,-55.591563640944415
2569,-55.591919902789364
2570,-55.592294941213744
2571,-55.59237153279327
2572,-55.59241271001308
2573,-55.59247052906991
2574,-55.59262700600086
2575,-55.592925387723895
2576,-55.59311935710112
2577,-55.59341407989823
2578,-55.59394000558433
2579,-55.59414051131722
2580,-55.59421250036502
2581,-55.594834639435376
2582,-55.59491607646142
2583,-55.595304847729075
2584,-55.5957755512072
2585,-55.59584762921235
2586,-55.5960461664573
2587,-55.59654626589677
2588,-55.59668257001634
2589,-55.59689640807501
2590,-55.59702531013137
2591,-55.59743748358936
2592,-55.59744457874747
2593,-55.5974624498177
2594,-55.597597198696164
2595,-55.59907600820592
2596,-55.59932142411524
2597,-55.59982992075735
2598,-55.59984177166106
2599,-55.5998790784114
2600,-55.600011265659504
2601,-55.600356611418654
2602,-55.60095104874159
2603,-55.601030268228065
2604,-55.60132715207583
2605,-55.60177575488852
2606,-55.60192459464779
2607,-55.602031039692584
2608,-55.60211048467704
2609,-55.602138975103315
2610,-55.602474128159415
2611,-55.60271519686952
2612,-55.602802784019396
2613,-55.603878797883446
2614,-55.60391348214788
2615,-55.60397696509982
2616,-55.60449951072983
2617,-55.60468240730466
2618,-55.60491403973095
2619,-55.605332449044326
2620,-55.6053929535961
2621,-55.60634164390691
2622,-55.607423861737196
2623,-55.607894529783366
2624,-55.60823764673103
2625,-55.608477691116285
2626,-55.60855578849151
2627,-55.608880456537364
2628,-55.60909162862854
2629,-55.60974090024308
2630,-55.609847217274194
2631,-55.60996939730276
2632,-55.610056201212636
2633,-55.610149199857396
2634,-55.61023733245103
2635,-55.61043413567191
2636,-55.61067669931796
2637,-55.610849939808304
2638,-55.61098916426141
2639,-55.61116230289409
2640,-55.61136622212969
2641,-55.61237579791828
2642,-55.6127136760573
2643,-55.6132653295462
2644,-55.613487966923834
2645,-55.613760987101784
2646,-55.61405581660206
2647,-55.61433093226166
2648,-55.61439108340244
2649,-55.614593895562955
2650,-55.614633502620954
2651,-55.614751705538445
2652,-55.61500357694621
2653,-55.6158403617828
2654,-55.61601728887246
2655,-55.6167554132376
2656,-55.61744095790755
2657,-55.617456048756814
2658,-55.61767192200968
2659,-55.618271134104695
2660,-55.61900186545019
2661,-55.61902418899515
2662,-55.619220435914514
2663,-55.61984664049376
2664,-55.620549305402534
2665,-55.62068462769245
2666,-55.62080399596091
2667,-55.62084207960274
2668,-55.62121408874045
2669,-55.62143045067991
2670,-55.6214772569091
2671,-55.62148925074117
2672,-55.621694879780534
2673,-55.621764424071976
2674,-55.62206676717035
2675,-55.62262342023347
2676,-55.62283518850187
2677,-55.62299002231658
2678,-55.62325540468353
2679,-55.62335471710439
2680,-55.62336744334315
2681,-55.62435997100136
2682,-55.624944693178385
2683,-55.625084312377815
2684,-55.62522910456372
2685,-55.625687618155006
2686,-55.62576692435632
2687,-55.626126300264765
2688,-55.62711620740099
2689,-55.62720904092714
2690,-55.62725287617689
2691,-55.627265992933836
2692,-55.62729989986195
2693,-55.627905345146395
2694,-55.6279836867322
2695,-55.629073996513746
2696,-55.62912135809961
2697,-55.62959475394146
2698,-55.62976915020808
2699,-55.62999793159871
2700,-55.630336674672236
2701,-55.63042857210153
2702,-55.63052285151882
2703,-55.63102458262615
2704,-55.631418141555265
2705,-55.631632889112794
2706,-55.631759353041566
2707,-55.63184874234713
2708,-55.63206720453381
2709,-55.63211722279206
2710,-55.63220794832512
2711,-55.63238839748231
2712,-55.63287631695432
2713,-55.63363917897352
2714,-55.63403280108749
2715,-55.6341117222747
2716,-55.63434322516332
2717,-55.634946857384556
2718,-55.63658676298112
2719,-55.637200911522
2720,-55.637240144589384
2721,-55.63727745696312
2722,-55.63733090049923
2723,-55.63734145532341
2724,-55.63748004037201
2725,-55.63752665389767
2726,-55.637594196854785
2727,-55.63773658513139
2728,-55.63812521218681
2729,-55.638461082766156
2730,-55.63847165918108
2731,-55.63909107353999
2732,-55.639288813138336
2733,-55.63942593747112
2734,-55.63975429567198
2735,-55.64008233394238
2736,-55.640476910062965
2737,-55.640589234083095
2738,-55.641187118647174
2739,-55.64157115876811
2740,-55.641742523952374
2741,-55.64249653463542
2742,-55.64275392130893
2743,-55.64277932736322
2744,-55.643156748411954
2745,-55.643198800591406
2746,-55.643665195981185
2747,-55.64370662527282
2748,-55.64389989505067
2749,-55.64406523686383
2750,-55.644185162164405
2751,-55.64423348436158
2752,-55.6445461199691
2753,-55.64457504882325
2754,-55.64486713824809
2755,-55.6451039285189
2756,-55.64525458187778
2757,-55.645473717806674
2758,-55.6456444352414
2759,-55.64581588772059
2760,-55.64587109984372
2761,-55.646500061148345
2762,-55.646533400661646
2763,-55.64654153063377
2764,-55.64655061001886
2765,-55.6467772786538
2766,-55.64717704698058
2767,-55.64730530262778
2768,-55.647371747261545
2769,-55.647896414795945
2770,-55.648163124175404
2771,-55.64825921403228
2772,-55.6484856720604
2773,-55.649370463739565
2774,-55.65008259904819
2775,-55.65010443027039
2776,-55.65026987286042
2777,-55.65099967276317
2778,-55.65110455976415
2779,-55.65121897971908
2780,-55.65130126523258
2781,-55.65132252370811
2782,-55.651698873190774
2783,-55.65196667117304
2784,-55.65223503224748
2785,-55.652262102929065
2786,-55.65234388596914
2787,-55.652770153909415
2788,-55.65304205696692
2789,-55.653173635085345
2790,-55.65336628861502
2791,-55.65386214651311
2792,-55.65410161669801
2793,-55.654382179620335
2794,-55.6545160182649
2795,-55.655199498686464
2796,-55.65585231157054
2797,-55.65590071886281
2798,-55.656322544386235
2799,-55.656392297566384
2800,-55.65706483465226
2801,-55.65721880209161
2802,-55.65748324070653
2803,-55.65757135258477
2804,-55.65772083342584
2805,-55.65786129229603
2806,-55.65870092978325
2807,-55.658743654800205
2808,-55.65880159926179
2809,-55.658879948674524
2810,-55.659266472307195
2811,-55.659737071238474
2812,-55.65977131070551
2813,-55.66015075435879
2814,-55.660443274568685
2815,-55.66044892671448
2816,-55.66141825175074
2817,-55.661548827231094
2818,-55.66198527748908
2819,-55.662061979498134
2820,-55.66224981465481
2821,-55.66290994211472
2822,-55.66353703232119
2823,-55.663914926411096
2824,-55.66392360179278
2825,-55.664090266574135
2826,-55.6646983025773
2827,-55.66496913274976
2828,-55.66514627570391
2829,-55.66531897443923
2830,-55.665521415590135
2831,-55.66594353111334
2832,-55.6667376840904
2833,-55.666803990704466
2834,-55.667217563866494
2835,-55.66760003914071
2836,-55.66798063997375
2837,-55.66807538256352
2838,-55.66852324429615
2839,-55.66967536399276
2840,-55.669901035868406
2841,-55.670103650964315
2842,-55.670237021967786
2843,-55.67029175471367
2844,-55.67048906033834
2845,-55.67065035886238
2846,-55.670652762605734
2847,-55.67090283015256
2848,-55.67118701583631
2849,-55.67126712040291
2850,-55.671269091550116
2851,-55.671907845198675
2852,-55.6730968306714
2853,-55.6732756070648
2854,-55.673869326295325
2855,-55.67596969914492
2856,-55.67670348847321
2857,-55.677490515861265
2858,-55.6776790467659
2859,-55.67774156779216
2860,-55.6782663163633
2861,-55.6782919632633
2862,-55.678599153476625
2863,-55.67890123891363
2864,-55.679332604422214
2865,-55.67933597710608
2866,-55.680267400606006
2867,-55.680414656041144
2868,-55.68053122997134
2869,-55.68054306815161
2870,-55.6808372330533
2871,-55.68085541744832
2872,-55.68127758393637
2873,-55.68170371018117
2874,-55.68175819066668
2875,-55.68181695370487
2876,-55.682800410428904
2877,-55.68286107330029
2878,-55.68293766833587
2879,-55.68324862568188
2880,-55.683732952727794
2881,-55.684143788726374
2882,-55.684328086953485
2883,-55.68509412728043
2884,-55.685324134862995
2885,-55.68557517475886
2886,-55.685762138835344
2887,-55.68576218940044
2888,-55.68621348829461
2889,-55.68707299246175
2890,-55.68729076177515
2891,-55.687791235956944
2892,-55.687847162005276
2893,-55.688466455507836
2894,-55.689278085777545
2895,-55.68970364096407
2896,-55.69060942067302
2897,-55.690859237660554
2898,-55.69095370625409
2899,-55.69140895901186
2900,-55.69163691125001
2901,-55.69198970101372
2902,-55.69208257551377
2903,-55.69245845730876
2904,-55.69247879207279
2905,-55.69261130222209
2906,-55.6934111026724
2907,-55.69385865001815
2908,-55.69391846703431
2909,-55.69418470655276
2910,-55.69435225987404
2911,-55.69488951220573
2912,-55.69535535172588
2913,-55.69560109855577
2914,-55.69617965280683
2915,-55.69692677425405
2916,-55.69698171062639
2917,-55.69726024881825
2918,-55.697728563147024
2919,-55.69826345542632
2920,-55.698302854447924
2921,-55.69847003369709
2922,-55.69881390395522
2923,-55.69908844425058
2924,-55.699108107325756
2925,-55.69913981226764
2926,-55.699241342126804
2927,-55.69924555317048
2928,-55.7000237289001
2929,-55.70015823596484
2930,-55.70026583147005
2931,-55.70093925974129
2932,-55.701039458498045
2933,-55.70152796825895
2934,-55.70155143608362
2935,-55.70161686391972
2936,-55.70174063575897
2937,-55.70176668223965
2938,-55.70193330839955
2939,-55.7019424326481
2940,-55.70206814122975
2941,-55.70219005959892
2942,-55.70272006654055
2943,-55.70317065937209
2944,-55.70342935183543
2945,-55.70368902608607
2946,-55.7043928897919
2947,-55.704616948826825
2948,-55.70480982794304
2949,-55.70508129395581
2950,-55.705476233528785
2951,-55.70566669328752
2952,-55.705683247692605
2953,-55.70608040491692
2954,-55.70613069152704
2955,-55.70668152298803
2956,-55.70678734078631
2957,-55.70693410285422
2958,-55.707156370895675
2959,-55.70728023636373
2960,-55.707519540562465
2961,-55.7076488960552
2962,-55.7078130409418
2963,-55.70802966260774
2964,-55.708358516874405
2965,-55.70857792613673
2966,-55.708869335644216
2967,-55.709125098133406
2968,-55.70933990295684
2969,-55.7093525220822
2970,-55.70980494550146
2971,-55.71069043881856
2972,-55.71101165040228
2973,-55.71138379260178
2974,-55.71152196837663
2975,-55.71167396645607
2976,-55.71173142125998
2977,-55.711938854974534
2978,-55.712106721640524
2979,-55.71229438118329
2980,-55.71238665033969
2981,-55.71252702401466
2982,-55.71267877875731
2983,-55.712982642207784
2984,-55.71371196610327
2985,-55.714056178806246
2986,-55.714298976477494
2987,-55.714533040115896
2988,-55.71459839304032
2989,-55.71472040484842
2990,-55.71508781848178
2991,-55.71570048616892
2992,-55.715840255726505
2993,-55.71601658721654
2994,-55.71628132700637
2995,-55.716368270965
2996,-55.716795486899926
2997,-55.71709818346794
2998,-55.71735932263491
2999,-55.71808032814126
3000,-55.71811907127967
3001,-55.718798452571214
3002,-55.71886198491376
3003,-55.71889222212141
3004,-55.71906495027731
3005,-55.71911798524655
3006,-55.71950786000824
3007,-55.719530544735655
3008,-55.71953455664376
3009,-55.71970709415923
3010,-55.719807600936015
3011,-55.719953253144034
3012,-55.72002590782517
3013,-55.720621036087664
3014,-55.72076797731619
3015,-55.721011683105644
3016,-55.72103271988669
3017,-55.721196930068295
3018,-55.721433152764476
3019,-55.72218914926662
3020,-55.72219723032972
3021,-55.722390222856134
3022,-55.722454125023255
3023,-55.72337409947882
3024,-55.72355384556943
3025,-55.72405884582545
3026,-55.72428313769527
3027,-55.724307546317924
3028,-55.7244816281231
3029,-55.72589466926432
3030,-55.725918218374915
3031,-55.72603475099962
3032,-55.72606824166916
3033,-55.72607507466063
3034,-55.72610807161764
3035,-55.726424500561755
3036,-55.727157392260835
3037,-55.727946193141996
3038,-55.72796826917114
3039,-55.728379768593285
3040,-55.72841757811136
3041,-55.728700590828595
3042,-55.72879883679954
3043,-55.72904039765925
3044,-55.729281293325755
3045,-55.729520854321265
3046,-55.72952555363724
3047,-55.72954148248166
3048,-55.72978457899847
3049,-55.72994798371267
3050,-55.73016237956064
3051,-55.73037126253798
3052,-55.7307666656201
3053,-55.730934168887295
3054,-55.73098122369069
3055,-55.73118773269208
3056,-55.73120468475354
3057,-55.73125901189951
3058,-55.73187008876578
3059,-55.73200695526983
3060,-55.732620839217326
3061,-55.73285557474339
3062,-55.73312920327454
3063,-55.73323939984804
3064,-55.73367391749666
3065,-55.733912075817614
3066,-55.734266110027534
3067,-55.73433650779627
3068,-55.73434703729197
3069,-55.73470462342691
3070,-55.73632799690796
3071,-55.73654916531209
3072,-55.73654953875571
3073,-55.73660904932159
3074,-55.73718972138857
3075,-55.737622234106574
3076,-55.73766143110351
3077,-55.73804995338695
3078,-55.73819352389611
3079,-55.73828047222523
3080,-55.73841528802393
3081,-55.73900851488926
3082,-55.739173619412085
3083,-55.74007099565406
3084,-55.74013707508039
3085,-55.740340420417375
3086,-55.74073165740628
3087,-55.740843986550246
3088,-55.74123830432343
3089,-55.741337221507784
3090,-55.741466970353535
3091,-55.74157090481339
3092,-55.74189959922219
3093,-55.74251897720745
3094,-55.742739662385695
3095,-55.74303042405255
3096,-55.74314209590438
3097,-55.7433755802293
3098,-55.74337724775912
3099,-55.74351063253844
3100,-55.74387458149696
3101,-55.74477936781235
3102,-55.74543365438948
3103,-55.746423366548235
3104,-55.74660142337318
3105,-55.747106124424064
3106,-55.74727366688664
3107,-55.7473793685382
3108,-55.747390426829945
3109,-55.747749410427176
3110,-55.747978460319025
3111,-55.74849099793246
3112,-55.74926411813003
3113,-55.74927436334949
3114,-55.74931423254832
3115,-55.749412183263296
3116,-55.74950908425465
3117,-55.749605686396656
3118,-55.75028084529881
3119,-55.75055045199792
3120,-55.750597929351876
3121,-55.7506838110693
3122,-55.750962831929506
3123,-55.751056558129434
3124,-55.751588073959006
3125,-55.751927312054235
3126,-55.75239673485873
3127,-55.752494656489375
3128,-55.752504164982845
3129,-55.75288662586793
3130,-55.75339100738881
3131,-55.75382762559708
3132,-55.75405137066034
3133,-55.75511882172408
3134,-55.755244968762135
3135,-55.7552463463115
3136,-55.75540818455141
3137,-55.756136357317594
3138,-55.756223154089994
3139,-55.756570924751294
3140,-55.75688929847434
3141,-55.757404150456864
3142,-55.75758017817086
3143,-55.757600360697865
3144,-55.75762413636113
3145,-55.75822899730045
3146,-55.758292269684084
3147,-55.758362635737356
3148,-55.75839629028065
3149,-55.75868435491357
3150,-55.75887310163572
3151,-55.75899760065687
3152,-55.759125303610766
3153,-55.75914835208384
3154,-55.75923854747187
3155,-55.75955769829691
3156,-55.76035885316306
3157,-55.76078307042832
3158,-55.76086449921609
3159,-55.761464801678805
3160,-55.76164396934412
3161,-55.76183862051544
3162,-55.76220628318992
3163,-55.76249378884342
3164,-55.76254494376991
3165,-55.762614696079716
3166,-55.76270120912626
3167,-55.762792688953255
3168,-55.76291888398237
3169,-55.76322383239559
3170,-55.76360578627737
3171,-55.763739960845186
3172,-55.76405569676271
3173,-55.76416481145589
3174,-55.764529316561706
3175,-55.764567405265005
3176,-55.764635258817
3177,-55.76564621801531
3178,-55.76609421805906
3179,-55.766176281802494
3180,-55.76633239196889
3181,-55.76635261010307
3182,-55.76656471331172
3183,-55.767537353964684
3184,-55.76770877054622
3185,-55.7678818097887
3186,-55.768677433629804
3187,-55.76896158892022
3188,-55.7689718981927
3189,-55.76907450514915
3190,-55.76919295024329
3191,-55.76938481548845
3192,-55.769674493069594
3193,-55.77051829333924
3194,-55.77119620811325
3195,-55.77129539616542
3196,-55.77148804686772
3197,-55.771768215276886
3198,-55.772128670038256
3199,-55.772257282829386
3200,-55.77228004378409
3201,-55.77236467337137
3202,-55.772477464881355
3203,-55.77289317041593
3204,-55.7737806251368
3205,-55.774151285203445
3206,-55.77434378725003
3207,-55.77460280604297
3208,-55.774603175171734
3209,-55.77468256882634
3210,-55.77589652655727
3211,-55.77598768943365
3212,-55.776010080892
3213,-55.7760489993647
3214,-55.77633155016025
3215,-55.77655062836374
3216,-55.77663556124426
3217,-55.77788009851621
3218,-55.77790072199784
3219,-55.77793877595823
3220,-55.778303110075726
3221,-55.778577898256266
3222,-55.778782235907926
3223,-55.78015633147389
3224,-55.78022422899386
3225,-55.78033077564333
3226,-55.78083164934882
3227,-55.78098290778992
3228,-55.78139950149915
3229,-55.78140954407898
3230,-55.781603386487234
3231,-55.781977670071164
3232,-55.78231182096006
3233,-55.78294312879974
3234,-55.78475612651847
3235,-55.78478743026444
3236,-55.78500549305675
3237,-55.78502653819812
3238,-55.785333308194865
3239,-55.7853908647258
3240,-55.78590971269363
3241,-55.78600535709511
3242,-55.786260628366925
3243,-55.78666923374098
3244,-55.786705405474
3245,-55.78671856645344
3246,-55.78674590160563
3247,-55.787019728293764
3248,-55.78715454755762
3249,-55.787194844648134
3250,-55.787261016224654
3251,-55.787266511633376
3252,-55.78770992085279
3253,-55.787726474142836
3254,-55.78882229121946
3255,-55.788864390378066
3256,-55.78949801025394
3257,-55.789748077664655
3258,-55.7898374325335
3259,-55.78999717923224
3260,-55.79016369078086
3261,-55.790953318045084
3262,-55.79098737156903
3263,-55.791119888030714
3264,-55.79135075287199
3265,-55.791633244698986
3266,-55.791645476671825
3267,-55.79209775706396
3268,-55.792143009802246
3269,-55.79214749000372
3270,-55.79233615684753
3271,-55.79241113969558
3272,-55.792467589865026
3273,-55.79248566857852
3274,-55.79321083214007
3275,-55.7934234574989
3276,-55.7934411038814
3277,-55.79368547433119
3278,-55.79368718589794
3279,-55.79380353470138
3280,-55.79458943538247
3281,-55.79496178773188
3282,-55.79506997263331
3283,-55.79521850960371
3284,-55.79595039869655
3285,-55.796627439092305
3286,-55.79663420839108
3287,-55.796683289990575
3288,-55.796750544435675
3289,-55.79692677224498
3290,-55.798039514332764
3291,-55.79806747610932
3292,-55.79851654123304
3293,-55.798770257309066
3294,-55.798955047792916
3295,-55.7989560745506
3296,-55.79899366860041
3297,-55.79947655383186
3298,-55.80051117797502
3299,-55.80076627007515
3300,-55.8008519436641
3301,-55.800859884944124
3302,-55.80127195158399
3303,-55.801308360829765
3304,-55.80159748520364
3305,-55.801598110227204
3306,-55.80181212938056
3307,-55.802347750465124
3308,-55.80241920823455
3309,-55.80256472981534
3310,-55.80272297287175
3311,-55.803063181371435
3312,-55.80315170881723
3313,-55.80327933997856
3314,-55.804013753805975
3315,-55.80443653425009
3316,-55.80449030071651
3317,-55.80473678946779
3318,-55.80488400728358
3319,-55.805111266796175
3320,-55.805176712727246
3321,-55.80593846222502
3322,-55.805977443600604
3323,-55.80634621760073
3324,-55.80654559273213
3325,-55.806656899387
3326,-55.80666157080787
3327,-55.806755373581474
3328,-55.80702566122393
3329,-55.807382640482075
3330,-55.807620437054645
3331,-55.80762996531497
3332,-55.80765143532799
3333,-55.807915648604904
3334,-55.80824123162778
3335,-55.80838407855716
3336,-55.80855786464795
3337,-55.8087631402012
3338,-55.808947202828115
3339,-55.809204772694414
3340,-55.80921820781256
3341,-55.80939028425597
3342,-55.80976325598692
3343,-55.809943014614134
3344,-55.81040954569939
3345,-55.81045483460524
3346,-55.81045656161137
3347,-55.81067926300926
3348,-55.81076167353862
3349,-55.81092120179856
3350,-55.81095983369016
3351,-55.811190750246915
3352,-55.8111915721516
3353,-55.81122535781082
3354,-55.8122300109365
3355,-55.81245621406038
3356,-55.812488355813386
3357,-55.8126883099295
3358,-55.812978151075214
3359,-55.813140825924165
3360,-55.81330593703691
3361,-55.81333787412912
3362,-55.81341896123344
3363,-55.81386892998551
3364,-55.81413952595235
3365,-55.814173261135856
3366,-55.81436807026768
3367,-55.814373526999965
3368,-55.81449658689306
3369,-55.81462702485191
3370,-55.81464884386649
3371,-55.814900989208425
3372,-55.814916743872374
3373,-55.81520404812564
3374,-55.815322924785015
3375,-55.815465767061816
3376,-55.81589292651786
3377,-55.81592498707148
3378,-55.816089340057125
3379,-55.816212757414775
3380,-55.816253986919506
3381,-55.816451854691444
3382,-55.817020442386024
3383,-55.81720444093944
3384,-55.81812752997166
3385,-55.818201277290946
3386,-55.818259339082246
3387,-55.81880526863451
3388,-55.81883677363919
3389,-55.819542005778146
3390,-55.81959073555709
3391,-55.81971282719645
3392,-55.819837322208365
3393,-55.82049428922518
3394,-55.82096889118619
3395,-55.82109902468487
3396,-55.8214038304223
3397,-55.82152253803167
3398,-55.82158538970053
3399,-55.82167621900673
3400,-55.82258262352213
3401,-55.82294190783314
3402,-55.82321565998218
3403,-55.82344634569335
3404,-55.82363207940163
3405,-55.823897555333915
3406,-55.824376114488715
3407,-55.824698298619836
3408,-55.82489688311103
3409,-55.82524563637153
3410,-55.82569846845367
3411,-55.82600853636931
3412,-55.826374670516834
3413,-55.82772748079132
3414,-55.82774558067688
3415,-55.828187909137455
3416,-55.82820608741769
3417,-55.82861630451856
3418,-55.828618632937435
3419,-55.82887219694885
3420,-55.82912781278663
3421,-55.829355602780716
3422,-55.829422313333964
3423,-55.829799375592685
3424,-55.83004479960803
3425,-55.83056431641381
3426,-55.830592710583026
3427,-55.83083354242214
3428,-55.83127292796494
3429,-55.831549047097226
3430,-55.831733904614836
3431,-55.83196465851232
3432,-55.83237393428644
3433,-55.83253613019818
3434,-55.83299864953115
3435,-55.83299924784156
3436,-55.83315362597346
3437,-55.833816593180686
3438,-55.833995135742825
3439,-55.83419912095265
3440,-55.83450366825032
3441,-55.834590204143375
3442,-55.8346804062275
3443,-55.834886990143694
3444,-55.835346907839046
3445,-55.83551515355309
3446,-55.83574818641693
3447,-55.83575977665953
3448,-55.83592844462034
3449,-55.83596337635895
3450,-55.83597843832877
3451,-55.836553833063675
3452,-55.83668015426422
3453,-55.83678063606556
3454,-55.836853363510585
3455,-55.8370483895859
3456,-55.837463929998705
3457,-55.837534794662346
3458,-55.837711271128015
3459,-55.837900091959376
3460,-55.83791225503467
3461,-55.83802871839843
3462,-55.83814185456636
3463,-55.83859981857987
3464,-55.83861205234402
3465,-55.8386187831043
3466,-55.83930494236256
3467,-55.84003935890265
3468,-55.84011798873477
3469,-55.84020094970628
3470,-55.840350327665035
3471,-55.84048579739719
3472,-55.84109781928897
3473,-55.8412736893555
3474,-55.84143010374529
3475,-55.841537547473
3476,-55.84194160676609
3477,-55.84242402102821
3478,-55.84261039756535
3479,-55.842654435974794
3480,-55.84265809555117
3481,-55.84285453259017
3482,-55.84343855359632
3483,-55.84388743531685
3484,-55.84435609225257
3485,-55.844770141554804
3486,-55.84492700319514
3487,-55.84527670054415
3488,-55.84654685201023
3489,-55.8467457420697
3490,-55.84689912888244
3491,-55.847151061085185
3492,-55.84747647462062
3493,-55.84814941019774
3494,-55.84822878620152
3495,-55.84844822909563
3496,-55.84861940667253
3497,-55.84876928951804
3498,-55.84906019867606
3499,-55.84922698711889
3500,-55.84991272685969
3501,-55.85003589477608
3502,-55.850447684067575
3503,-55.85047716046509
3504,-55.85050135831988
3505,-55.85092471256135
3506,-55.8512236085048
3507,-55.851287457527164
3508,-55.85136160315308
3509,-55.85207708922585
3510,-55.8521571674164
3511,-55.852499199353524
3512,-55.853034554980304
3513,-55.85309237776451
3514,-55.85311799916948
3515,-55.85329275640207
3516,-55.853408603025535
3517,-55.8534516191709
3518,-55.85356943034256
3519,-55.85362525483372
3520,-55.85381400809595
3521,-55.854103279521084
3522,-55.85435489199262
3523,-55.85448041517904
3524,-55.85510637046605
3525,-55.855485281158906
3526,-55.856016465232074
3527,-55.856161259776606
3528,-55.85684886899374
3529,-55.85710324834228
3530,-55.857337344781264
3531,-55.85757877906882
3532,-55.85761336529399
3533,-55.85761383182797
3534,-55.857695896952926
3535,-55.85857488453461
3536,-55.858742817743966
3537,-55.858786627523074
3538,-55.859031001839405
3539,-55.85970621202814
3540,-55.85988172012457
3541,-55.85998430587265
3542,-55.86012497716434
3543,-55.860682246387356
3544,-55.86100853197135
3545,-55.861122693290696
3546,-55.86136194652934
3547,-55.86143727538375
3548,-55.8615447519134
3549,-55.86155804783359
3550,-55.8615686553183
3551,-55.86227358595105
3552,-55.86257070631771
3553,-55.86271282080734
3554,-55.86296040505898
3555,-55.86322432652095
3556,-55.86354605032642
3557,-55.86368075567269
3558,-55.86380140702748
3559,-55.86449163376341
3560,-55.864812304578635
3561,-55.865067920615495
3562,-55.86597433822633
3563,-55.866748507863385
3564,-55.86684410028094
3565,-55.866859510776095
3566,-55.86692330694433
3567,-55.86760892721235
3568,-55.86781847405128
3569,-55.86801645708241
3570,-55.868368608684605
3571,-55.86914360042821
3572,-55.869331419517344
3573,-55.86933363297384
3574,-55.86957657979611
3575,-55.86971030061369
3576,-55.869760053367116
3577,-55.869812355894354
3578,-55.87001444002178
3579,-55.87016705919533
3580,-55.87025597861964
3581,-55.87029584427256
3582,-55.8707791804047
3583,-55.87084579114441
3584,-55.870959542798126
3585,-55.87174320953375
3586,-55.87289801627212
3587,-55.87292635996243
3588,-55.872990324601574
3589,-55.873443265837125
3590,-55.87380867354098
3591,-55.87398289604164
3592,-55.8742246512301
3593,-55.874927382646874
3594,-55.87503328939736
3595,-55.87513916460395
3596,-55.87590438604474
3597,-55.87639339009567
3598,-55.87658102749903
3599,-55.8768705096387
3600,-55.87690274645744
3601,-55.877316720762366
3602,-55.87736885708367
3603,-55.87765090126981
3604,-55.877785391500495
3605,-55.87794840810057
3606,-55.87821915877329
3607,-55.87823523247975
3608,-55.87852251529375
3609,-55.87871740985717
3610,-55.878833776782116
3611,-55.87897128514449
3612,-55.87907431844381
3613,-55.87935241949292
3614,-55.8796526457461
3615,-55.88000507310577
3616,-55.880178378817966
3617,-55.88074626115501
3618,-55.8811202188194
3619,-55.88154070586553
3620,-55.88175814584121
3621,-55.88205373108102
3622,-55.882421901761006
3623,-55.8825310719042
3624,-55.882740832226766
3625,-55.88293388403485
3626,-55.88307325252863
3627,-55.88315811210013
3628,-55.88322289756722
3629,-55.88341552577249
3630,-55.88380592254207
3631,-55.884309200566264
3632,-55.884624437801556
3633,-55.88478075426893
3634,-55.88484070962378
3635,-55.884954131440296
3636,-55.885431131339416
3637,-55.88550024803658
3638,-55.88551990468466
3639,-55.88552147027427
3640,-55.885849493557274
3641,-55.886181307152334
3642,-55.886287846272424
3643,-55.88638385168396
3644,-55.88647850917253
3645,-55.886495145444464
3646,-55.88653417429583
3647,-55.886764593130685
3648,-55.88696655132606
3649,-55.8869761222747
3650,-55.887077826785884
3651,-55.88724762270525
3652,-55.887284165983814
3653,-55.88788740551451
3654,-55.88790508502285
3655,-55.88798249142707
3656,-55.88817183005149
3657,-55.888340895214746
3658,-55.88844077591022
3659,-55.8885092351941
3660,-55.88874403361249
3661,-55.88892280743374
3662,-55.88905577274702
3663,-55.88913312772923
3664,-55.88951249121291
3665,-55.889583912538626
3666,-55.89002896409481
3667,-55.890391731014155
3668,-55.890462992105554
3669,-55.89075697399183
3670,-55.89086453569084
3671,-55.891433077762244
3672,-55.89160355622509
3673,-55.892150564723416
3674,-55.89282718007416
3675,-55.89344325107794
3676,-55.89350357197693
3677,-55.894116941149846
3678,-55.8943729025589
3679,-55.89484043550387
3680,-55.89524161382155
3681,-55.89533386138984
3682,-55.89557428135113
3683,-55.89558345838191
3684,-55.89589360254574
3685,-55.89602674224777
3686,-55.896444063408914
3687,-55.89708003402215
3688,-55.8971638940066
3689,-55.89760514207786
3690,-55.8979592573905
3691,-55.89806703128674
3692,-55.89858595247956
3693,-55.898736251017226
3694,-55.89882329828381
3695,-55.89892894939139
3696,-55.89917465714567
3697,-55.89923027830967
3698,-55.899381951435466
3699,-55.899676177605386
3700,-55.899899102665046
3701,-55.90014010230455
3702,-55.900592914283116
3703,-55.90068989451783
3704,-55.901992260049745
3705,-55.90202985513551
3706,-55.90246740496719
3707,-55.903002325106904
3708,-55.903066288053175
3709,-55.90306759029908
3710,-55.903183788345544
3711,-55.90335628851225
3712,-55.903551799005214
3713,-55.90358131715778
3714,-55.904048427731595
3715,-55.904222237574594
3716,-55.90504740743167
3717,-55.90506931005366
3718,-55.90550836679499
3719,-55.905737747406384
3720,-55.90575004523985
3721,-55.90665056357003
3722,-55.90687626183577
3723,-55.90689187447522
3724,-55.90733250695889
3725,-55.90735946325523
3726,-55.907361628904326
3727,-55.90737965374583
3728,-55.90770737807064
3729,-55.90780199848956
3730,-55.90799158287644
3731,-55.90812589587805
3732,-55.908474643216195
3733,-55.908523565394695
3734,-55.909061425488666
3735,-55.90906333119473
3736,-55.909471540164525
3737,-55.91007594591273
3738,-55.910926701470785
3739,-55.910932569885745
3740,-55.9112121579257
3741,-55.911294300063005
3742,-55.91148993113343
3743,-55.91178156454653
3744,-55.9117980810052
3745,-55.911826839352116
3746,-55.91201046370911
3747,-55.91206341199479
3748,-55.912688423121445
3749,-55.91274651218744
3750,-55.91292635555557
3751,-55.91293642667622
3752,-55.913049292855966
3753,-55.91305304493971
3754,-55.91308296648473
3755,-55.91312920298256
3756,-55.91322200464393
3757,-55.91323794559481
3758,-55.91323980742876
3759,-55.91395755920944
3760,-55.91413253183018
3761,-55.91419822122154
3762,-55.9142729146827
3763,-55.9149144778402
3764,-55.91495746103284
3765,-55.91503055445147
3766,-55.91562410357476
3767,-55.91593820034207
3768,-55.916057109616546
3769,-55.91615741966215
3770,-55.916355206531776
3771,-55.91765171319008
3772,-55.917772864243624
3773,-55.91788780416489
3774,-55.91793821760639
3775,-55.91830793264719
3776,-55.91841737249981
3777,-55.91905634055455
3778,-55.91915090132549
3779,-55.91943787529449
3780,-55.920056031952335
3781,-55.92024039275661
3782,-55.92034350548231
3783,-55.92036694424444
3784,-55.92039316189883
3785,-55.920590767675826
3786,-55.92096516321405
3787,-55.921108417517736
3788,-55.9216559412443
3789,-55.9223331810583
3790,-55.92272084635924
